{
    "cod": "200",
    "message": 0.0043,
    "cnt": 40,
    "list": [
        {
            "dt": 1549044000,
            "main": {
                "temp": 33.78,
                "temp_min": 27.58,
                "temp_max": 33.78,
                "pressure": 989.16,
                "sea_level": 1030.35,
                "grnd_level": 989.16,
                "humidity": 53,
                "temp_kf": 6.2
            },
            "weather": [
                {
                    "id": 800,
                    "main": "Clear",
                    "description": "clear sky",
                    "icon": "01d"
                }
            ],
            "clouds": {
                "all": 0
            },
            "wind": {
                "speed": 1.41,
                "deg": 59.0009
            },
            "rain": {},
            "sys": {
                "pod": "d"
            },
            "dt_txt": "2019-02-01 18:00:00"
        },
        {
            "dt": 1549054800,
            "main": {
                "temp": 31.4,
                "temp_min": 27.26,
                "temp_max": 31.4,
                "pressure": 988.09,
                "sea_level": 1029.35,
                "grnd_level": 988.09,
                "humidity": 50,
                "temp_kf": 4.13
            },
            "weather": [
                {
                    "id": 801,
                    "main": "Clouds",
                    "description": "few clouds",
                    "icon": "02d"
                }
            ],
            "clouds": {
                "all": 24
            },
            "wind": {
                "speed": 1.56,
                "deg": 79.5017
            },
            "rain": {},
            "sys": {
                "pod": "d"
            },
            "dt_txt": "2019-02-01 21:00:00"
        },
        {
            "dt": 1549065600,
            "main": {
                "temp": 23.95,
                "temp_min": 21.88,
                "temp_max": 23.95,
                "pressure": 989.17,
                "sea_level": 1030.61,
                "grnd_level": 989.17,
                "humidity": 75,
                "temp_kf": 2.07
            },
            "weather": [
                {
                    "id": 500,
                    "main": "Rain",
                    "description": "light rain",
                    "icon": "10n"
                }
            ],
            "clouds": {
                "all": 32
            },
            "wind": {
                "speed": 1.17,
                "deg": 85.5002
            },
            "rain": {
                "3h": 0.0075
            },
            "sys": {
                "pod": "n"
            },
            "dt_txt": "2019-02-02 00:00:00"
        },
        {
            "dt": 1549076400,
            "main": {
                "temp": 19.53,
                "temp_min": 19.53,
                "temp_max": 19.53,
                "pressure": 990.24,
                "sea_level": 1031.81,
                "grnd_level": 990.24,
                "humidity": 93,
                "temp_kf": 0
            },
            "weather": [
                {
                    "id": 500,
                    "main": "Rain",
                    "description": "light rain",
                    "icon": "10n"
                }
            ],
            "clouds": {
                "all": 76
            },
            "wind": {
                "speed": 1.02,
                "deg": 55.0033
            },
            "rain": {
                "3h": 0.15
            },
            "sys": {
                "pod": "n"
            },
            "dt_txt": "2019-02-02 03:00:00"
        },
        {
            "dt": 1549087200,
            "main": {
                "temp": 18.79,
                "temp_min": 18.79,
                "temp_max": 18.79,
                "pressure": 989.6,
                "sea_level": 1031.23,
                "grnd_level": 989.6,
                "humidity": 100,
                "temp_kf": 0
            },
            "weather": [
                {
                    "id": 500,
                    "main": "Rain",
                    "description": "light rain",
                    "icon": "10n"
                }
            ],
            "clouds": {
                "all": 76
            },
            "wind": {
                "speed": 1.06,
                "deg": 28.0001
            },
            "rain": {
                "3h": 0.35
            },
            "sys": {
                "pod": "n"
            },
            "dt_txt": "2019-02-02 06:00:00"
        },
        {
            "dt": 1549098000,
            "main": {
                "temp": 17.8,
                "temp_min": 17.8,
                "temp_max": 17.8,
                "pressure": 988.97,
                "sea_level": 1030.51,
                "grnd_level": 988.97,
                "humidity": 97,
                "temp_kf": 0
            },
            "weather": [
                {
                    "id": 500,
                    "main": "Rain",
                    "description": "light rain",
                    "icon": "10n"
                }
            ],
            "clouds": {
                "all": 32
            },
            "wind": {
                "speed": 1.06,
                "deg": 347.5
            },
            "rain": {
                "3h": 0.065
            },
            "sys": {
                "pod": "n"
            },
            "dt_txt": "2019-02-02 09:00:00"
        },
        {
            "dt": 1549108800,
            "main": {
                "temp": 18.02,
                "temp_min": 18.02,
                "temp_max": 18.02,
                "pressure": 990.15,
                "sea_level": 1031.83,
                "grnd_level": 990.15,
                "humidity": 92,
                "temp_kf": 0
            },
            "weather": [
                {
                    "id": 500,
                    "main": "Rain",
                    "description": "light rain",
                    "icon": "10d"
                }
            ],
            "clouds": {
                "all": 76
            },
            "wind": {
                "speed": 1.06,
                "deg": 333.506
            },
            "rain": {
                "3h": 0.05
            },
            "sys": {
                "pod": "d"
            },
            "dt_txt": "2019-02-02 12:00:00"
        },
        {
            "dt": 1549119600,
            "main": {
                "temp": 21.2,
                "temp_min": 21.2,
                "temp_max": 21.2,
                "pressure": 991.22,
                "sea_level": 1032.72,
                "grnd_level": 991.22,
                "humidity": 87,
                "temp_kf": 0
            },
            "weather": [
                {
                    "id": 500,
                    "main": "Rain",
                    "description": "light rain",
                    "icon": "10d"
                }
            ],
            "clouds": {
                "all": 76
            },
            "wind": {
                "speed": 1.15,
                "deg": 46.5046
            },
            "rain": {
                "3h": 0.565
            },
            "sys": {
                "pod": "d"
            },
            "dt_txt": "2019-02-02 15:00:00"
        },
        {
            "dt": 1549130400,
            "main": {
                "temp": 26.75,
                "temp_min": 26.75,
                "temp_max": 26.75,
                "pressure": 988.7,
                "sea_level": 1029.98,
                "grnd_level": 988.7,
                "humidity": 56,
                "temp_kf": 0
            },
            "weather": [
                {
                    "id": 500,
                    "main": "Rain",
                    "description": "light rain",
                    "icon": "10d"
                }
            ],
            "clouds": {
                "all": 0
            },
            "wind": {
                "speed": 1.22,
                "deg": 97.0021
            },
            "rain": {
                "3h": 0.02
            },
            "sys": {
                "pod": "d"
            },
            "dt_txt": "2019-02-02 18:00:00"
        },
        {
            "dt": 1549141200,
            "main": {
                "temp": 26.61,
                "temp_min": 26.61,
                "temp_max": 26.61,
                "pressure": 987.38,
                "sea_level": 1028.63,
                "grnd_level": 987.38,
                "humidity": 52,
                "temp_kf": 0
            },
            "weather": [
                {
                    "id": 801,
                    "main": "Clouds",
                    "description": "few clouds",
                    "icon": "02d"
                }
            ],
            "clouds": {
                "all": 12
            },
            "wind": {
                "speed": 1.51,
                "deg": 100.502
            },
            "rain": {},
            "sys": {
                "pod": "d"
            },
            "dt_txt": "2019-02-02 21:00:00"
        },
        {
            "dt": 1549152000,
            "main": {
                "temp": 20.17,
                "temp_min": 20.17,
                "temp_max": 20.17,
                "pressure": 987.93,
                "sea_level": 1029.34,
                "grnd_level": 987.93,
                "humidity": 78,
                "temp_kf": 0
            },
            "weather": [
                {
                    "id": 800,
                    "main": "Clear",
                    "description": "clear sky",
                    "icon": "02n"
                }
            ],
            "clouds": {
                "all": 8
            },
            "wind": {
                "speed": 0.97,
                "deg": 72.5009
            },
            "rain": {},
            "sys": {
                "pod": "n"
            },
            "dt_txt": "2019-02-03 00:00:00"
        },
        {
            "dt": 1549162800,
            "main": {
                "temp": 17.6,
                "temp_min": 17.6,
                "temp_max": 17.6,
                "pressure": 988.71,
                "sea_level": 1030.24,
                "grnd_level": 988.71,
                "humidity": 87,
                "temp_kf": 0
            },
            "weather": [
                {
                    "id": 801,
                    "main": "Clouds",
                    "description": "few clouds",
                    "icon": "02n"
                }
            ],
            "clouds": {
                "all": 12
            },
            "wind": {
                "speed": 1.2,
                "deg": 51.5001
            },
            "rain": {},
            "sys": {
                "pod": "n"
            },
            "dt_txt": "2019-02-03 03:00:00"
        },
        {
            "dt": 1549173600,
            "main": {
                "temp": 14.49,
                "temp_min": 14.49,
                "temp_max": 14.49,
                "pressure": 988.33,
                "sea_level": 1029.86,
                "grnd_level": 988.33,
                "humidity": 93,
                "temp_kf": 0
            },
            "weather": [
                {
                    "id": 800,
                    "main": "Clear",
                    "description": "clear sky",
                    "icon": "01n"
                }
            ],
            "clouds": {
                "all": 0
            },
            "wind": {
                "speed": 0.77,
                "deg": 2.00049
            },
            "rain": {},
            "sys": {
                "pod": "n"
            },
            "dt_txt": "2019-02-03 06:00:00"
        },
        {
            "dt": 1549184400,
            "main": {
                "temp": 14.59,
                "temp_min": 14.59,
                "temp_max": 14.59,
                "pressure": 987.34,
                "sea_level": 1029.02,
                "grnd_level": 987.34,
                "humidity": 89,
                "temp_kf": 0
            },
            "weather": [
                {
                    "id": 802,
                    "main": "Clouds",
                    "description": "scattered clouds",
                    "icon": "03n"
                }
            ],
            "clouds": {
                "all": 48
            },
            "wind": {
                "speed": 0.77,
                "deg": 336.001
            },
            "rain": {},
            "sys": {
                "pod": "n"
            },
            "dt_txt": "2019-02-03 09:00:00"
        },
        {
            "dt": 1549195200,
            "main": {
                "temp": 17.54,
                "temp_min": 17.54,
                "temp_max": 17.54,
                "pressure": 988.62,
                "sea_level": 1030.22,
                "grnd_level": 988.62,
                "humidity": 92,
                "temp_kf": 0
            },
            "weather": [
                {
                    "id": 500,
                    "main": "Rain",
                    "description": "light rain",
                    "icon": "10d"
                }
            ],
            "clouds": {
                "all": 80
            },
            "wind": {
                "speed": 0.78,
                "deg": 342.001
            },
            "rain": {
                "3h": 0.055
            },
            "sys": {
                "pod": "d"
            },
            "dt_txt": "2019-02-03 12:00:00"
        },
        {
            "dt": 1549206000,
            "main": {
                "temp": 24.06,
                "temp_min": 24.06,
                "temp_max": 24.06,
                "pressure": 989.66,
                "sea_level": 1031.05,
                "grnd_level": 989.66,
                "humidity": 66,
                "temp_kf": 0
            },
            "weather": [
                {
                    "id": 500,
                    "main": "Rain",
                    "description": "light rain",
                    "icon": "10d"
                }
            ],
            "clouds": {
                "all": 44
            },
            "wind": {
                "speed": 1.22,
                "deg": 76.5001
            },
            "rain": {
                "3h": 0.05
            },
            "sys": {
                "pod": "d"
            },
            "dt_txt": "2019-02-03 15:00:00"
        },
        {
            "dt": 1549216800,
            "main": {
                "temp": 28.16,
                "temp_min": 28.16,
                "temp_max": 28.16,
                "pressure": 987.05,
                "sea_level": 1028.26,
                "grnd_level": 987.05,
                "humidity": 48,
                "temp_kf": 0
            },
            "weather": [
                {
                    "id": 800,
                    "main": "Clear",
                    "description": "clear sky",
                    "icon": "01d"
                }
            ],
            "clouds": {
                "all": 0
            },
            "wind": {
                "speed": 1.42,
                "deg": 113.003
            },
            "rain": {},
            "sys": {
                "pod": "d"
            },
            "dt_txt": "2019-02-03 18:00:00"
        },
        {
            "dt": 1549227600,
            "main": {
                "temp": 27.23,
                "temp_min": 27.23,
                "temp_max": 27.23,
                "pressure": 985.84,
                "sea_level": 1027,
                "grnd_level": 985.84,
                "humidity": 46,
                "temp_kf": 0
            },
            "weather": [
                {
                    "id": 800,
                    "main": "Clear",
                    "description": "clear sky",
                    "icon": "01d"
                }
            ],
            "clouds": {
                "all": 0
            },
            "wind": {
                "speed": 1.85,
                "deg": 128.506
            },
            "rain": {},
            "sys": {
                "pod": "d"
            },
            "dt_txt": "2019-02-03 21:00:00"
        },
        {
            "dt": 1549238400,
            "main": {
                "temp": 20.37,
                "temp_min": 20.37,
                "temp_max": 20.37,
                "pressure": 987.31,
                "sea_level": 1028.58,
                "grnd_level": 987.31,
                "humidity": 83,
                "temp_kf": 0
            },
            "weather": [
                {
                    "id": 500,
                    "main": "Rain",
                    "description": "light rain",
                    "icon": "10n"
                }
            ],
            "clouds": {
                "all": 24
            },
            "wind": {
                "speed": 1.22,
                "deg": 112.502
            },
            "rain": {
                "3h": 0.08
            },
            "sys": {
                "pod": "n"
            },
            "dt_txt": "2019-02-04 00:00:00"
        },
        {
            "dt": 1549249200,
            "main": {
                "temp": 18.44,
                "temp_min": 18.44,
                "temp_max": 18.44,
                "pressure": 988.44,
                "sea_level": 1029.9,
                "grnd_level": 988.44,
                "humidity": 100,
                "temp_kf": 0
            },
            "weather": [
                {
                    "id": 500,
                    "main": "Rain",
                    "description": "light rain",
                    "icon": "10n"
                }
            ],
            "clouds": {
                "all": 80
            },
            "wind": {
                "speed": 0.26,
                "deg": 118.005
            },
            "rain": {
                "3h": 0.72
            },
            "sys": {
                "pod": "n"
            },
            "dt_txt": "2019-02-04 03:00:00"
        },
        {
            "dt": 1549260000,
            "main": {
                "temp": 19.49,
                "temp_min": 19.49,
                "temp_max": 19.49,
                "pressure": 987.53,
                "sea_level": 1028.98,
                "grnd_level": 987.53,
                "humidity": 98,
                "temp_kf": 0
            },
            "weather": [
                {
                    "id": 500,
                    "main": "Rain",
                    "description": "light rain",
                    "icon": "10n"
                }
            ],
            "clouds": {
                "all": 88
            },
            "wind": {
                "speed": 0.26,
                "deg": 254.001
            },
            "rain": {
                "3h": 0.58
            },
            "sys": {
                "pod": "n"
            },
            "dt_txt": "2019-02-04 06:00:00"
        },
        {
            "dt": 1549270800,
            "main": {
                "temp": 18.6,
                "temp_min": 18.6,
                "temp_max": 18.6,
                "pressure": 986.33,
                "sea_level": 1027.88,
                "grnd_level": 986.33,
                "humidity": 100,
                "temp_kf": 0
            },
            "weather": [
                {
                    "id": 500,
                    "main": "Rain",
                    "description": "light rain",
                    "icon": "10n"
                }
            ],
            "clouds": {
                "all": 68
            },
            "wind": {
                "speed": 0.32,
                "deg": 246.5
            },
            "rain": {
                "3h": 0.48
            },
            "sys": {
                "pod": "n"
            },
            "dt_txt": "2019-02-04 09:00:00"
        },
        {
            "dt": 1549281600,
            "main": {
                "temp": 18.42,
                "temp_min": 18.42,
                "temp_max": 18.42,
                "pressure": 987.55,
                "sea_level": 1029.13,
                "grnd_level": 987.55,
                "humidity": 100,
                "temp_kf": 0
            },
            "weather": [
                {
                    "id": 500,
                    "main": "Rain",
                    "description": "light rain",
                    "icon": "10d"
                }
            ],
            "clouds": {
                "all": 64
            },
            "wind": {
                "speed": 0.18,
                "deg": 126
            },
            "rain": {
                "3h": 0.67
            },
            "sys": {
                "pod": "d"
            },
            "dt_txt": "2019-02-04 12:00:00"
        },
        {
            "dt": 1549292400,
            "main": {
                "temp": 23.4,
                "temp_min": 23.4,
                "temp_max": 23.4,
                "pressure": 988.95,
                "sea_level": 1030.25,
                "grnd_level": 988.95,
                "humidity": 80,
                "temp_kf": 0
            },
            "weather": [
                {
                    "id": 500,
                    "main": "Rain",
                    "description": "light rain",
                    "icon": "10d"
                }
            ],
            "clouds": {
                "all": 64
            },
            "wind": {
                "speed": 1.22,
                "deg": 138.501
            },
            "rain": {
                "3h": 0.17
            },
            "sys": {
                "pod": "d"
            },
            "dt_txt": "2019-02-04 15:00:00"
        },
        {
            "dt": 1549303200,
            "main": {
                "temp": 27.52,
                "temp_min": 27.52,
                "temp_max": 27.52,
                "pressure": 986.95,
                "sea_level": 1028.07,
                "grnd_level": 986.95,
                "humidity": 56,
                "temp_kf": 0
            },
            "weather": [
                {
                    "id": 800,
                    "main": "Clear",
                    "description": "clear sky",
                    "icon": "01d"
                }
            ],
            "clouds": {
                "all": 0
            },
            "wind": {
                "speed": 1.61,
                "deg": 148.501
            },
            "rain": {},
            "sys": {
                "pod": "d"
            },
            "dt_txt": "2019-02-04 18:00:00"
        },
        {
            "dt": 1549314000,
            "main": {
                "temp": 26.81,
                "temp_min": 26.81,
                "temp_max": 26.81,
                "pressure": 985.6,
                "sea_level": 1026.86,
                "grnd_level": 985.6,
                "humidity": 49,
                "temp_kf": 0
            },
            "weather": [
                {
                    "id": 801,
                    "main": "Clouds",
                    "description": "few clouds",
                    "icon": "02d"
                }
            ],
            "clouds": {
                "all": 12
            },
            "wind": {
                "speed": 1.81,
                "deg": 150.001
            },
            "rain": {},
            "sys": {
                "pod": "d"
            },
            "dt_txt": "2019-02-04 21:00:00"
        },
        {
            "dt": 1549324800,
            "main": {
                "temp": 20.89,
                "temp_min": 20.89,
                "temp_max": 20.89,
                "pressure": 986.88,
                "sea_level": 1028.24,
                "grnd_level": 986.88,
                "humidity": 81,
                "temp_kf": 0
            },
            "weather": [
                {
                    "id": 802,
                    "main": "Clouds",
                    "description": "scattered clouds",
                    "icon": "03n"
                }
            ],
            "clouds": {
                "all": 36
            },
            "wind": {
                "speed": 1.3,
                "deg": 153.5
            },
            "rain": {},
            "sys": {
                "pod": "n"
            },
            "dt_txt": "2019-02-05 00:00:00"
        },
        {
            "dt": 1549335600,
            "main": {
                "temp": 19.39,
                "temp_min": 19.39,
                "temp_max": 19.39,
                "pressure": 988.03,
                "sea_level": 1029.47,
                "grnd_level": 988.03,
                "humidity": 89,
                "temp_kf": 0
            },
            "weather": [
                {
                    "id": 803,
                    "main": "Clouds",
                    "description": "broken clouds",
                    "icon": "04n"
                }
            ],
            "clouds": {
                "all": 68
            },
            "wind": {
                "speed": 0.91,
                "deg": 147.501
            },
            "rain": {},
            "sys": {
                "pod": "n"
            },
            "dt_txt": "2019-02-05 03:00:00"
        },
        {
            "dt": 1549346400,
            "main": {
                "temp": 19.4,
                "temp_min": 19.4,
                "temp_max": 19.4,
                "pressure": 987.41,
                "sea_level": 1028.78,
                "grnd_level": 987.41,
                "humidity": 94,
                "temp_kf": 0
            },
            "weather": [
                {
                    "id": 803,
                    "main": "Clouds",
                    "description": "broken clouds",
                    "icon": "04n"
                }
            ],
            "clouds": {
                "all": 76
            },
            "wind": {
                "speed": 0.66,
                "deg": 225.5
            },
            "rain": {},
            "sys": {
                "pod": "n"
            },
            "dt_txt": "2019-02-05 06:00:00"
        },
        {
            "dt": 1549357200,
            "main": {
                "temp": 19.29,
                "temp_min": 19.29,
                "temp_max": 19.29,
                "pressure": 986.37,
                "sea_level": 1027.88,
                "grnd_level": 986.37,
                "humidity": 97,
                "temp_kf": 0
            },
            "weather": [
                {
                    "id": 500,
                    "main": "Rain",
                    "description": "light rain",
                    "icon": "10n"
                }
            ],
            "clouds": {
                "all": 76
            },
            "wind": {
                "speed": 0.46,
                "deg": 253.005
            },
            "rain": {
                "3h": 0.07
            },
            "sys": {
                "pod": "n"
            },
            "dt_txt": "2019-02-05 09:00:00"
        },
        {
            "dt": 1549368000,
            "main": {
                "temp": 19.48,
                "temp_min": 19.48,
                "temp_max": 19.48,
                "pressure": 987.52,
                "sea_level": 1029.06,
                "grnd_level": 987.52,
                "humidity": 96,
                "temp_kf": 0
            },
            "weather": [
                {
                    "id": 500,
                    "main": "Rain",
                    "description": "light rain",
                    "icon": "10d"
                }
            ],
            "clouds": {
                "all": 48
            },
            "wind": {
                "speed": 0.52,
                "deg": 322.502
            },
            "rain": {
                "3h": 0.04
            },
            "sys": {
                "pod": "d"
            },
            "dt_txt": "2019-02-05 12:00:00"
        },
        {
            "dt": 1549378800,
            "main": {
                "temp": 25.56,
                "temp_min": 25.56,
                "temp_max": 25.56,
                "pressure": 988.42,
                "sea_level": 1029.9,
                "grnd_level": 988.42,
                "humidity": 65,
                "temp_kf": 0
            },
            "weather": [
                {
                    "id": 801,
                    "main": "Clouds",
                    "description": "few clouds",
                    "icon": "02d"
                }
            ],
            "clouds": {
                "all": 12
            },
            "wind": {
                "speed": 1.31,
                "deg": 140
            },
            "rain": {},
            "sys": {
                "pod": "d"
            },
            "dt_txt": "2019-02-05 15:00:00"
        },
        {
            "dt": 1549389600,
            "main": {
                "temp": 28.39,
                "temp_min": 28.39,
                "temp_max": 28.39,
                "pressure": 986.45,
                "sea_level": 1027.7,
                "grnd_level": 986.45,
                "humidity": 53,
                "temp_kf": 0
            },
            "weather": [
                {
                    "id": 801,
                    "main": "Clouds",
                    "description": "few clouds",
                    "icon": "02d"
                }
            ],
            "clouds": {
                "all": 20
            },
            "wind": {
                "speed": 1.51,
                "deg": 143.001
            },
            "rain": {},
            "sys": {
                "pod": "d"
            },
            "dt_txt": "2019-02-05 18:00:00"
        },
        {
            "dt": 1549400400,
            "main": {
                "temp": 25.7,
                "temp_min": 25.7,
                "temp_max": 25.7,
                "pressure": 985.77,
                "sea_level": 1026.89,
                "grnd_level": 985.77,
                "humidity": 59,
                "temp_kf": 0
            },
            "weather": [
                {
                    "id": 500,
                    "main": "Rain",
                    "description": "light rain",
                    "icon": "10d"
                }
            ],
            "clouds": {
                "all": 76
            },
            "wind": {
                "speed": 1.75,
                "deg": 155.5
            },
            "rain": {
                "3h": 0.069999999999999
            },
            "sys": {
                "pod": "d"
            },
            "dt_txt": "2019-02-05 21:00:00"
        },
        {
            "dt": 1549411200,
            "main": {
                "temp": 21.7,
                "temp_min": 21.7,
                "temp_max": 21.7,
                "pressure": 987.03,
                "sea_level": 1028.34,
                "grnd_level": 987.03,
                "humidity": 80,
                "temp_kf": 0
            },
            "weather": [
                {
                    "id": 500,
                    "main": "Rain",
                    "description": "light rain",
                    "icon": "10n"
                }
            ],
            "clouds": {
                "all": 32
            },
            "wind": {
                "speed": 0.81,
                "deg": 151.501
            },
            "rain": {
                "3h": 0.37
            },
            "sys": {
                "pod": "n"
            },
            "dt_txt": "2019-02-06 00:00:00"
        },
        {
            "dt": 1549422000,
            "main": {
                "temp": 19.8,
                "temp_min": 19.8,
                "temp_max": 19.8,
                "pressure": 988.03,
                "sea_level": 1029.59,
                "grnd_level": 988.03,
                "humidity": 94,
                "temp_kf": 0
            },
            "weather": [
                {
                    "id": 500,
                    "main": "Rain",
                    "description": "light rain",
                    "icon": "10n"
                }
            ],
            "clouds": {
                "all": 44
            },
            "wind": {
                "speed": 0.36,
                "deg": 32
            },
            "rain": {
                "3h": 0.05
            },
            "sys": {
                "pod": "n"
            },
            "dt_txt": "2019-02-06 03:00:00"
        },
        {
            "dt": 1549432800,
            "main": {
                "temp": 18.9,
                "temp_min": 18.9,
                "temp_max": 18.9,
                "pressure": 987.38,
                "sea_level": 1028.92,
                "grnd_level": 987.38,
                "humidity": 95,
                "temp_kf": 0
            },
            "weather": [
                {
                    "id": 500,
                    "main": "Rain",
                    "description": "light rain",
                    "icon": "10n"
                }
            ],
            "clouds": {
                "all": 64
            },
            "wind": {
                "speed": 0.94,
                "deg": 339.01
            },
            "rain": {
                "3h": 0.03
            },
            "sys": {
                "pod": "n"
            },
            "dt_txt": "2019-02-06 06:00:00"
        },
        {
            "dt": 1549443600,
            "main": {
                "temp": 19.32,
                "temp_min": 19.32,
                "temp_max": 19.32,
                "pressure": 986.31,
                "sea_level": 1027.9,
                "grnd_level": 986.31,
                "humidity": 92,
                "temp_kf": 0
            },
            "weather": [
                {
                    "id": 500,
                    "main": "Rain",
                    "description": "light rain",
                    "icon": "10n"
                }
            ],
            "clouds": {
                "all": 88
            },
            "wind": {
                "speed": 0.95,
                "deg": 328.002
            },
            "rain": {
                "3h": 0.08
            },
            "sys": {
                "pod": "n"
            },
            "dt_txt": "2019-02-06 09:00:00"
        },
        {
            "dt": 1549454400,
            "main": {
                "temp": 19.6,
                "temp_min": 19.6,
                "temp_max": 19.6,
                "pressure": 987.29,
                "sea_level": 1028.94,
                "grnd_level": 987.29,
                "humidity": 93,
                "temp_kf": 0
            },
            "weather": [
                {
                    "id": 500,
                    "main": "Rain",
                    "description": "light rain",
                    "icon": "10d"
                }
            ],
            "clouds": {
                "all": 92
            },
            "wind": {
                "speed": 0.76,
                "deg": 308.505
            },
            "rain": {
                "3h": 0.38
            },
            "sys": {
                "pod": "d"
            },
            "dt_txt": "2019-02-06 12:00:00"
        },
        {
            "dt": 1549465200,
            "main": {
                "temp": 21.27,
                "temp_min": 21.27,
                "temp_max": 21.27,
                "pressure": 988.42,
                "sea_level": 1029.98,
                "grnd_level": 988.42,
                "humidity": 94,
                "temp_kf": 0
            },
            "weather": [
                {
                    "id": 500,
                    "main": "Rain",
                    "description": "light rain",
                    "icon": "10d"
                }
            ],
            "clouds": {
                "all": 92
            },
            "wind": {
                "speed": 1.11,
                "deg": 71.5002
            },
            "rain": {
                "3h": 1.76
            },
            "sys": {
                "pod": "d"
            },
            "dt_txt": "2019-02-06 15:00:00"
        }
    ],
    "city": {
        "id": 3492908,
        "name": "Santo Domingo",
        "coord": {
            "lat": 18.4802,
            "lon": -69.9422
        },
        "country": "DO",
        "population": 2201941
    }
}