[{"code":"BTC","name":"Bitcoin","rate":1},{"code":"BCH","name":"Bitcoin Cash","rate":58.14},{"code":"USD","name":"US Dollar","rate":37731.12},{"code":"EUR","name":"Eurozone Euro","rate":30976.61},{"code":"GBP","name":"Pound Sterling","rate":26682.65},{"code":"JPY","name":"Japanese Yen","rate":4111370.47},{"code":"CAD","name":"Canadian Dollar","rate":45532.78},{"code":"AUD","name":"Australian Dollar","rate":48822.03},{"code":"CNY","name":"Chinese Yuan","rate":242769.54},{"code":"CHF","name":"Swiss Franc","rate":33883.07},{"code":"SEK","name":"Swedish Krona","rate":314315.47},{"code":"NZD","name":"New Zealand Dollar","rate":52599.17},{"code":"KRW","name":"South Korean Won","rate":42552774.19},{"code":"ETH","name":"Ether","rate":16.41},{"code":"XRP","name":"Ripple","rate":42017.3},{"code":"AED","name":"UAE Dirham","rate":138590.16},{"code":"AFN","name":"Afghan Afghani","rate":2927934.37},{"code":"ALL","name":"Albanian Lek","rate":3814615.73},{"code":"AMD","name":"Armenian Dram","rate":19651866.32},{"code":"ANG","name":"Netherlands Antillean Guilder","rate":67739.24},{"code":"AOA","name":"Angolan Kwanza","rate":24468628.08},{"code":"ARS","name":"Argentine Peso","rate":3554237.98},{"code":"AWG","name":"Aruban Florin","rate":67934.87},{"code":"AZN","name":"Azerbaijani Manat","rate":64173.27},{"code":"BAM","name":"Bosnia-Herzegovina Convertible Mark","rate":60405.06},{"code":"BBD","name":"Barbadian Dollar","rate":75462.23},{"code":"BDT","name":"Bangladeshi Taka","rate":3200858.02},{"code":"BGN","name":"Bulgarian Lev","rate":60589.34},{"code":"BHD","name":"Bahraini Dinar","rate":14223.61},{"code":"BIF","name":"Burundian Franc","rate":74368027.67},{"code":"BMD","name":"Bermudan Dollar","rate":37731.12},{"code":"BND","name":"Brunei Dollar","rate":50195.51},{"code":"BOB","name":"Bolivian Boliviano","rate":260589.15},{"code":"BRL","name":"Brazilian Real","rate":202491.57},{"code":"BSD","name":"Bahamian Dollar","rate":37731.12},{"code":"BTN","name":"Bhutanese Ngultrum","rate":2757410.3},{"code":"BUSD","name":"Binance USD","rate":37731.12},{"code":"BWP","name":"Botswanan Pula","rate":404657.38},{"code":"BYN","name":"Belarusian Ruble","rate":94794.03},{"code":"BZD","name":"Belize Dollar","rate":76068.8},{"code":"CDF","name":"Congolese Franc","rate":75537692.24},{"code":"CLF","name":"Chilean Unit of Account (UF)","rate":985.91},{"code":"CLP","name":"Chilean Peso","rate":27204168.52},{"code":"COP","name":"Colombian Peso","rate":140752270.83},{"code":"CRC","name":"Costa Rican Colón","rate":23315095.15},{"code":"CUP","name":"Cuban Peso","rate":971576.21},{"code":"CVE","name":"Cape Verdean Escudo","rate":3428815.08},{"code":"CZK","name":"Czech Koruna","rate":788423.72},{"code":"DAI","name":"Dai","rate":37692.11},{"code":"DJF","name":"Djiboutian Franc","rate":6718025.03},{"code":"DKK","name":"Danish Krone","rate":230332.8},{"code":"DOGE","name":"Dogecoin","rate":111301.22},{"code":"DOP","name":"Dominican Peso","rate":2150296.24},{"code":"DZD","name":"Algerian Dinar","rate":5022679.4},{"code":"EGP","name":"Egyptian Pound","rate":590843.3},{"code":"ETB","name":"Ethiopian Birr","rate":1618287.52},{"code":"FJD","name":"Fijian Dollar","rate":76801.68},{"code":"FKP","name":"Falkland Islands Pound","rate":26664.16},{"code":"GEL","name":"Georgian Lari","rate":125738.94},{"code":"GHS","name":"Ghanaian Cedi","rate":217423.21},{"code":"GIP","name":"Gibraltar Pound","rate":26664.16},{"code":"GMD","name":"Gambian Dalasi","rate":1932399.05},{"code":"GNF","name":"Guinean Franc","rate":372406105.1},{"code":"GTQ","name":"Guatemalan Quetzal","rate":290895.99},{"code":"GUSD","name":"Gemini US Dollar","rate":37731.12},{"code":"GYD","name":"Guyanaese Dollar","rate":7895339.8},{"code":"HKD","name":"Hong Kong Dollar","rate":292938.72},{"code":"HNL","name":"Honduran Lempira","rate":909697.18},{"code":"HRK","name":"Croatian Kuna","rate":232619.87},{"code":"HTG","name":"Haitian Gourde","rate":3330411.42},{"code":"HUF","name":"Hungarian Forint","rate":10796758.56},{"code":"IDR","name":"Indonesian Rupiah","rate":542109341.06},{"code":"ILS","name":"Israeli Shekel","rate":122845.72},{"code":"INR","name":"Indian Rupee","rate":2751179.34},{"code":"IQD","name":"Iraqi Dinar","rate":55162890.14},{"code":"IRR","name":"Iranian Rial","rate":1588668597.29},{"code":"ISK","name":"Icelandic Króna","rate":4613006.12},{"code":"JEP","name":"Jersey Pound","rate":26664.16},{"code":"JMD","name":"Jamaican Dollar","rate":5646555.95},{"code":"JOD","name":"Jordanian Dinar","rate":26751.36},{"code":"KES","name":"Kenyan Shilling","rate":4082506.64},{"code":"KGS","name":"Kyrgystani Som","rate":3179201.19},{"code":"KHR","name":"Cambodian Riel","rate":153754293.65},{"code":"KMF","name":"Comorian Franc","rate":15243383.97},{"code":"KPW","name":"North Korean Won","rate":33958003.5},{"code":"KWD","name":"Kuwaiti Dinar","rate":11339.97},{"code":"KYD","name":"Cayman Islands Dollar","rate":31450.58},{"code":"KZT","name":"Kazakhstani Tenge","rate":16176729.69},{"code":"LAK","name":"Laotian Kip","rate":356181725.65},{"code":"LBP","name":"Lebanese Pound","rate":57615412.61},{"code":"LKR","name":"Sri Lankan Rupee","rate":7434642.25},{"code":"LRD","name":"Liberian Dollar","rate":6475601.74},{"code":"LSL","name":"Lesotho Loti","rate":526349.05},{"code":"LYD","name":"Libyan Dinar","rate":168280.77},{"code":"MAD","name":"Moroccan Dirham","rate":332731.84},{"code":"MDL","name":"Moldovan Leu","rate":667338.42},{"code":"MGA","name":"Malagasy Ariary","rate":141793530.19},{"code":"MKD","name":"Macedonian Denar","rate":1901103.74},{"code":"MMK","name":"Myanma Kyat","rate":62118855.57},{"code":"MNT","name":"Mongolian Tugrik","rate":107569769.39},{"code":"MOP","name":"Macanese Pataca","rate":301821.75},{"code":"MRU","name":"Mauritanian Ouguiya","rate":1365866.36},{"code":"MUR","name":"Mauritian Rupee","rate":1535656.38},{"code":"MVR","name":"Maldivian Rufiyaa","rate":581059.17},{"code":"MWK","name":"Malawian Kwacha","rate":29807580.85},{"code":"MXN","name":"Mexican Peso","rate":752888.56},{"code":"MYR","name":"Malaysian Ringgit","rate":156244.55},{"code":"MZN","name":"Mozambican Metical","rate":2256320.56},{"code":"NAD","name":"Namibian Dollar","rate":525783.09},{"code":"NGN","name":"Nigerian Naira","rate":15564084.94},{"code":"NIO","name":"Nicaraguan Córdoba","rate":1330587.77},{"code":"NOK","name":"Norwegian Krone","rate":316814.29},{"code":"NPR","name":"Nepalese Rupee","rate":4411824.31},{"code":"OMR","name":"Omani Rial","rate":14525.91},{"code":"PAB","name":"Panamanian Balboa","rate":37731.12},{"code":"PAX","name":"Paxos Standard USD","rate":37731.12},{"code":"PEN","name":"Peruvian Nuevo Sol","rate":141095.5},{"code":"PGK","name":"Papua New Guinean Kina","rate":133190.84},{"code":"PHP","name":"Philippine Peso","rate":1808026.81},{"code":"PKR","name":"Pakistani Rupee","rate":5789839.6},{"code":"PLN","name":"Polish Zloty","rate":139303.84},{"code":"PYG","name":"Paraguayan Guarani","rate":253427737.13},{"code":"QAR","name":"Qatari Rial","rate":137378.99},{"code":"RON","name":"Romanian Leu","rate":152641.23},{"code":"RSD","name":"Serbian Dinar","rate":3631412.86},{"code":"RUB","name":"Russian Ruble","rate":2777862.79},{"code":"RWF","name":"Rwandan Franc","rate":37542459.43},{"code":"SAR","name":"Saudi Riyal","rate":141494.4},{"code":"SBD","name":"Solomon Islands Dollar","rate":300528.93},{"code":"SCR","name":"Seychellois Rupee","rate":619544.91},{"code":"SDG","name":"Sudanese Pound","rate":15493339.1},{"code":"SGD","name":"Singapore Dollar","rate":50266.9},{"code":"SHP","name":"Saint Helena Pound","rate":26664.16},{"code":"SLL","name":"Sierra Leonean Leone","rate":386272296.28},{"code":"SOS","name":"Somali Shilling","rate":22072702.28},{"code":"SRD","name":"Surinamese Dollar","rate":534046.2},{"code":"STN","name":"São Tomé and Príncipe Dobra","rate":768771.47},{"code":"SVC","name":"Salvadoran Colón","rate":330218.3},{"code":"SYP","name":"Syrian Pound","rate":47450968.04},{"code":"SZL","name":"Swazi Lilangeni","rate":525971.74},{"code":"THB","name":"Thai Baht","rate":1183235.35},{"code":"TJS","name":"Tajikistani Somoni","rate":430404.9},{"code":"TMT","name":"Turkmenistani Manat","rate":132436.21},{"code":"TND","name":"Tunisian Dinar","rate":102647.5},{"code":"TOP","name":"Tongan Paʻanga","rate":84858.15},{"code":"TRY","name":"Turkish Lira","rate":317609.21},{"code":"TTD","name":"Trinidad and Tobago Dollar","rate":256101.38},{"code":"TWD","name":"New Taiwan Dollar","rate":1055124.22},{"code":"TZS","name":"Tanzanian Shilling","rate":87517396.72},{"code":"UAH","name":"Ukrainian Hryvnia","rate":1035011.35},{"code":"UGX","name":"Ugandan Shilling","rate":134535886},{"code":"USDC","name":"Circle USD Coin","rate":37731.12},{"code":"UYU","name":"Uruguayan Peso","rate":1662739.76},{"code":"UZS","name":"Uzbekistan Som","rate":399270658.98},{"code":"VES","name":"Venezuelan Bolívar Soberano","rate":114123266075.41},{"code":"VND","name":"Vietnamese Dong","rate":872673083.36},{"code":"VUV","name":"Vanuatu Vatu","rate":4083208.74},{"code":"WBTC","name":"Wrapped BTC","rate":1},{"code":"WST","name":"Samoan Tala","rate":94830.37},{"code":"XAF","name":"CFA Franc BEAC","rate":20320188.16},{"code":"XAG","name":"Silver (troy ounce)","rate":1369.06},{"code":"XAU","name":"Gold (troy ounce)","rate":20.05},{"code":"XCD","name":"East Caribbean Dollar","rate":101970.22},{"code":"XPF","name":"CFP Franc","rate":3696650},{"code":"XOF","name":"CFA Franc BCEAO","rate":20320188.16},{"code":"YER","name":"Yemeni Rial","rate":9434664.29},{"code":"ZAR","name":"South African Rand","rate":526537.71},{"code":"ZMW","name":"Zambian Kwacha","rate":848168.71},{"code":"ZWL","name":"Zimbabwean Dollar","rate":12149419.03}]