-- phpMyAdmin SQL Dump
-- version 4.7.4
-- https://www.phpmyadmin.net/
--
-- Host: 127.0.0.1
-- Generation Time: Apr 02, 2019 at 01:20 AM
-- Server version: 10.1.26-MariaDB
-- PHP Version: 7.1.9

SET SQL_MODE = "NO_AUTO_VALUE_ON_ZERO";
SET AUTOCOMMIT = 0;
START TRANSACTION;
SET time_zone = "+00:00";


/*!40101 SET @OLD_CHARACTER_SET_CLIENT=@@CHARACTER_SET_CLIENT */;
/*!40101 SET @OLD_CHARACTER_SET_RESULTS=@@CHARACTER_SET_RESULTS */;
/*!40101 SET @OLD_COLLATION_CONNECTION=@@COLLATION_CONNECTION */;
/*!40101 SET NAMES utf8mb4 */;

--
-- Database: `company`
--
DROP DATABASE IF EXISTS `company`;
CREATE DATABASE IF NOT EXISTS `company` DEFAULT CHARACTER SET utf8 COLLATE utf8_general_ci;
USE `company`;

-- --------------------------------------------------------

--
-- Table structure for table `posts`
--

DROP TABLE IF EXISTS `posts`;
CREATE TABLE `posts` (
  `id` int(11) NOT NULL,
  `user` int(11) NOT NULL,
  `post` text NOT NULL,
  `date` datetime NOT NULL
) ENGINE=InnoDB DEFAULT CHARSET=utf8;

--
-- Dumping data for table `posts`
--

INSERT INTO `posts` (`id`, `user`, `post`, `date`) VALUES
(1, 3, 'This is a new post', '2019-02-19 09:28:57'),
(3, 4, 'Keep moving forward', '2019-02-01 04:13:11'),
(4, 50, 'There is divine beauty in learning', '2019-02-02 12:17:05'),
(5, 76, 'Education is the passport to the future', '2019-02-11 09:15:14'),
(6, 32, 'Evolution is all about looking forward.', '2019-02-17 17:13:09'),
(7, 5, 'New post with MySQLi Class', '2019-02-19 10:38:27'),
(8, 6, 'This is a new post with PDO', '2019-02-19 11:06:55'),
(9, 6, 'This is a second post with PDO and :variable', '2019-02-19 11:07:51');

-- --------------------------------------------------------

--
-- Table structure for table `sales`
--

DROP TABLE IF EXISTS `sales`;
CREATE TABLE `sales` (
  `id` int(11) NOT NULL,
  `idUser` int(11) NOT NULL,
  `amount` decimal(10,2) DEFAULT NULL,
  `profit` decimal(10,2) DEFAULT NULL,
  `date` date DEFAULT NULL
) ENGINE=InnoDB DEFAULT CHARSET=utf8;

--
-- Dumping data for table `sales`
--

INSERT INTO `sales` (`id`, `idUser`, `amount`, `profit`, `date`) VALUES
(1, 73, '261.96', '41.91', '2016-11-08'),
(2, 73, '731.94', '219.58', '2016-11-08'),
(3, 90, '14.62', '6.87', '2016-06-12'),
(4, 320, '957.58', '-383.03', '2015-10-11'),
(5, 320, '22.37', '2.52', '2015-10-11'),
(6, 49, '48.86', '14.17', '2014-06-09'),
(7, 49, '7.28', '1.97', '2014-06-09'),
(8, 49, '907.15', '90.72', '2014-06-09'),
(9, 49, '18.50', '5.78', '2014-06-09'),
(10, 49, '114.90', '34.47', '2014-06-09'),
(11, 49, '1706.18', '85.31', '2014-06-09'),
(12, 49, '911.42', '68.36', '2014-06-09'),
(13, 16, '15.55', '5.44', '2017-04-15'),
(14, 152, '407.98', '132.59', '2016-12-05'),
(15, 146, '68.81', '-123.86', '2015-11-22'),
(16, 146, '2.54', '-3.82', '2015-11-22'),
(17, 273, '665.88', '13.32', '2014-11-11'),
(18, 10, '55.50', '9.99', '2014-05-13'),
(19, 362, '8.56', '2.48', '2014-08-27'),
(20, 362, '213.48', '16.01', '2014-08-27'),
(21, 362, '22.72', '7.38', '2014-08-27'),
(22, 199, '19.46', '5.06', '2016-12-09'),
(23, 199, '60.34', '15.69', '2016-12-09'),
(24, 309, '71.37', '-1.02', '2017-07-16'),
(25, 116, '1044.63', '240.26', '2015-09-25'),
(26, 119, '11.65', '4.22', '2016-01-16'),
(27, 119, '90.57', '11.77', '2016-01-16'),
(28, 348, '3083.43', '-1665.05', '2015-09-17'),
(29, 348, '9.62', '-7.05', '2015-09-17'),
(30, 348, '124.20', '15.53', '2015-09-17'),
(31, 348, '3.26', '1.10', '2015-09-17'),
(32, 348, '86.30', '9.71', '2015-09-17'),
(33, 348, '6.86', '-5.72', '2015-09-17'),
(34, 348, '15.76', '3.55', '2015-09-17'),
(35, 232, '29.47', '9.95', '2017-10-19'),
(36, 135, '1097.54', '123.47', '2016-12-08'),
(37, 135, '190.92', '-147.96', '2016-12-08'),
(38, 329, '113.33', '35.42', '2015-12-27'),
(39, 329, '532.40', '-46.98', '2015-12-27'),
(40, 329, '212.06', '-15.15', '2015-12-27'),
(41, 329, '371.17', '41.76', '2015-12-27'),
(42, 213, '147.17', '16.56', '2017-09-10'),
(43, 301, '77.88', '3.89', '2016-07-17'),
(44, 124, '95.62', '9.56', '2017-09-19'),
(45, 260, '45.98', '19.77', '2016-03-11'),
(46, 260, '17.46', '8.21', '2016-03-11'),
(47, 267, '211.96', '8.48', '2014-10-20'),
(48, 211, '45.00', '4.95', '2016-06-20'),
(49, 211, '21.80', '6.10', '2016-06-20'),
(50, 88, '38.22', '17.96', '2015-04-18'),
(51, 88, '75.18', '35.33', '2015-04-18'),
(52, 88, '6.16', '2.96', '2015-04-18'),
(53, 88, '89.99', '17.10', '2015-04-18'),
(54, 156, '15.26', '6.26', '2016-12-11'),
(55, 156, '1029.95', '298.69', '2016-12-11'),
(56, 340, '208.56', '52.14', '2016-06-17'),
(57, 340, '32.40', '15.55', '2016-06-17'),
(58, 340, '319.41', '7.10', '2016-06-17'),
(59, 340, '14.56', '6.99', '2016-06-17'),
(60, 340, '30.00', '3.30', '2016-06-17'),
(61, 340, '48.48', '16.36', '2016-06-17'),
(62, 340, '1.68', '0.84', '2016-06-17'),
(63, 205, '13.98', '6.15', '2015-11-24'),
(64, 205, '25.82', '9.36', '2015-11-24'),
(65, 205, '146.73', '68.96', '2015-11-24'),
(66, 205, '79.76', '22.33', '2015-11-24'),
(67, 270, '213.12', '-15.22', '2015-04-30'),
(68, 46, '1113.02', '111.30', '2014-12-05'),
(69, 46, '167.97', '62.99', '2014-12-05'),
(70, 191, '75.88', '35.66', '2016-06-04'),
(71, 150, '4.62', '1.73', '2016-09-18'),
(72, 348, '19.05', '8.76', '2017-09-14'),
(73, 173, '831.94', '-114.39', '2015-04-26'),
(74, 173, '97.04', '1.21', '2015-04-26'),
(75, 173, '72.78', '-18.20', '2015-04-26'),
(76, 200, '1.25', '-1.93', '2017-12-09'),
(77, 200, '9.71', '-5.82', '2017-12-09'),
(78, 200, '27.24', '2.72', '2017-12-09'),
(79, 173, '19.30', '-14.48', '2014-11-26'),
(80, 332, '208.16', '56.20', '2016-06-12'),
(81, 332, '16.74', '8.04', '2016-06-12'),
(82, 111, '14.90', '4.17', '2014-10-12'),
(83, 111, '21.39', '6.20', '2014-10-12'),
(84, 185, '200.98', '62.81', '2015-09-03'),
(85, 70, '230.38', '-48.95', '2017-11-13'),
(86, 267, '301.96', '33.22', '2017-05-28'),
(87, 268, '19.99', '6.80', '2017-10-26'),
(88, 268, '6.16', '2.96', '2017-10-26'),
(89, 133, '158.37', '13.86', '2016-04-05'),
(90, 171, '20.10', '6.63', '2016-09-17'),
(91, 171, '73.58', '8.28', '2016-09-17'),
(92, 171, '6.48', '3.11', '2016-09-17'),
(93, 192, '12.96', '6.22', '2015-01-31'),
(94, 192, '53.34', '16.54', '2015-01-31'),
(95, 192, '32.96', '16.15', '2015-01-31'),
(96, 293, '5.68', '-3.79', '2017-11-06'),
(97, 263, '96.53', '40.54', '2017-11-09'),
(98, 193, '51.31', '17.96', '2017-06-17'),
(99, 115, '77.88', '22.59', '2016-09-06'),
(100, 285, '64.62', '22.62', '2016-08-29'),
(101, 285, '95.98', '-10.80', '2016-08-29'),
(102, 285, '1.79', '-3.04', '2016-08-29'),
(103, 134, '23.92', '11.72', '2016-12-01'),
(104, 209, '238.90', '-26.88', '2015-11-13'),
(105, 209, '102.36', '-3.84', '2015-11-13'),
(106, 209, '36.88', '-25.82', '2015-11-13'),
(107, 155, '74.11', '17.60', '2017-11-23'),
(108, 155, '27.99', '2.10', '2017-11-23'),
(109, 155, '3.30', '1.07', '2017-11-23'),
(110, 272, '339.96', '67.99', '2015-10-15'),
(111, 83, '41.96', '10.91', '2017-12-25'),
(112, 76, '75.96', '22.79', '2016-11-03'),
(113, 76, '27.24', '13.35', '2016-11-03'),
(114, 304, '40.10', '14.53', '2014-08-25'),
(115, 304, '4.72', '1.65', '2014-08-25'),
(116, 304, '23.98', '7.49', '2014-08-25'),
(117, 304, '130.46', '44.03', '2014-08-25'),
(118, 92, '787.53', '165.38', '2015-03-02'),
(119, 140, '157.79', '-115.72', '2015-04-05'),
(120, 330, '47.04', '18.35', '2016-06-12'),
(121, 330, '30.84', '13.88', '2016-06-12'),
(122, 330, '226.56', '63.44', '2016-06-12'),
(123, 330, '115.02', '51.76', '2016-06-12'),
(124, 330, '68.04', '19.73', '2016-06-12'),
(125, 5, '600.56', '-8.58', '2014-12-26'),
(126, 277, '617.70', '-407.68', '2014-09-20'),
(127, 352, '2.39', '-1.83', '2017-11-05'),
(128, 352, '243.99', '30.50', '2017-11-05'),
(129, 215, '81.42', '-9.16', '2016-11-06'),
(130, 215, '238.56', '26.24', '2016-11-06'),
(131, 107, '59.97', '-11.99', '2017-02-02'),
(132, 107, '78.30', '29.36', '2017-02-02'),
(133, 107, '21.46', '6.97', '2017-02-02'),
(134, 210, '20.04', '9.62', '2016-10-13'),
(135, 210, '35.44', '16.66', '2016-10-13'),
(136, 210, '11.52', '3.46', '2016-10-13'),
(137, 210, '4.02', '1.97', '2016-10-13'),
(138, 210, '76.18', '26.66', '2016-10-13'),
(139, 210, '65.88', '18.45', '2016-10-13'),
(140, 210, '43.12', '20.70', '2016-10-13'),
(141, 178, '82.80', '10.35', '2016-09-05'),
(142, 305, '8.82', '2.38', '2017-09-18'),
(143, 305, '10.86', '5.10', '2017-09-18'),
(144, 305, '143.70', '68.98', '2017-09-18'),
(145, 310, '839.43', '218.25', '2017-12-22'),
(146, 148, '671.93', '20.16', '2015-09-07'),
(147, 234, '93.89', '12.91', '2014-10-22'),
(148, 187, '384.45', '103.80', '2016-12-05'),
(149, 187, '149.97', '6.00', '2016-12-05'),
(150, 187, '1951.84', '585.55', '2016-12-05'),
(151, 187, '171.55', '80.63', '2016-12-05'),
(152, 338, '157.92', '17.77', '2016-03-13'),
(153, 338, '203.18', '15.24', '2016-03-13'),
(154, 327, '58.38', '26.27', '2015-05-31'),
(155, 327, '105.52', '48.54', '2015-05-31'),
(156, 327, '80.88', '21.03', '2015-05-31'),
(157, 256, '6.63', '1.79', '2015-05-28'),
(158, 91, '457.57', '51.48', '2014-03-01'),
(159, 259, '14.62', '6.87', '2016-11-20'),
(160, 259, '944.93', '236.23', '2016-11-20'),
(161, 341, '5.98', '2.69', '2016-05-11'),
(162, 120, '54.38', '1.36', '2015-12-28'),
(163, 302, '28.40', '13.35', '2016-11-16'),
(164, 236, '27.68', '9.69', '2016-11-07'),
(165, 36, '9.94', '2.73', '2014-09-08'),
(166, 36, '8159.95', '-1359.99', '2014-09-08'),
(167, 36, '275.93', '-58.63', '2014-09-08'),
(168, 36, '1740.06', '-24.86', '2014-09-08'),
(169, 36, '32.06', '6.81', '2014-09-08'),
(170, 36, '177.98', '-453.85', '2014-09-08'),
(171, 36, '143.98', '9.00', '2014-09-08'),
(172, 61, '20.94', '9.84', '2014-08-05'),
(173, 61, '110.96', '53.26', '2014-08-05'),
(174, 61, '340.14', '21.26', '2014-08-05'),
(175, 161, '52.45', '-131.12', '2014-09-14'),
(176, 161, '20.16', '6.55', '2014-09-14'),
(177, 324, '97.26', '-243.16', '2017-04-21'),
(178, 173, '396.80', '-11.34', '2015-11-21'),
(179, 173, '15.88', '-3.77', '2015-11-21'),
(180, 170, '3.28', '1.41', '2015-12-15'),
(181, 95, '24.82', '1.86', '2014-12-05'),
(182, 95, '408.74', '76.64', '2014-12-05'),
(183, 291, '503.96', '131.03', '2014-11-19'),
(184, 291, '149.95', '41.99', '2014-11-19'),
(185, 291, '29.00', '7.25', '2014-11-19'),
(186, 306, '7.16', '3.44', '2016-11-28'),
(187, 128, '176.80', '22.98', '2014-08-26'),
(188, 12, '37.22', '3.72', '2016-07-16'),
(189, 12, '20.02', '6.26', '2016-07-16'),
(190, 229, '899.14', '112.39', '2015-10-12'),
(191, 229, '71.76', '20.09', '2015-10-12'),
(192, 229, '51.84', '24.88', '2015-10-12'),
(193, 229, '626.35', '46.98', '2015-10-12'),
(194, 229, '19.90', '6.57', '2015-10-12'),
(195, 230, '14.28', '6.71', '2015-10-31'),
(196, 59, '7.41', '1.20', '2014-03-21'),
(197, 59, '6.05', '1.59', '2014-03-21'),
(198, 355, '46.26', '12.03', '2017-11-06'),
(199, 130, '2.95', '-2.26', '2017-07-06'),
(200, 130, '16.06', '5.82', '2017-07-06'),
(201, 225, '21.74', '6.80', '2017-06-24'),
(202, 51, '218.75', '-161.88', '2014-08-03'),
(203, 51, '2.60', '0.29', '2014-08-03'),
(204, 221, '66.28', '-178.97', '2017-12-17'),
(205, 147, '35.17', '9.67', '2017-06-03'),
(206, 207, '444.77', '44.48', '2017-12-09'),
(207, 183, '83.92', '5.87', '2017-12-01'),
(208, 183, '131.98', '35.63', '2017-12-01'),
(209, 183, '15.92', '7.48', '2017-12-01'),
(210, 183, '52.29', '16.21', '2017-12-01'),
(211, 183, '91.99', '3.68', '2017-12-01'),
(212, 243, '20.80', '6.50', '2015-02-09'),
(213, 358, '23.68', '8.88', '2015-01-02'),
(214, 358, '452.45', '-244.32', '2015-01-02'),
(215, 358, '62.98', '-14.70', '2015-01-02'),
(216, 358, '1188.00', '-950.40', '2015-01-02'),
(217, 358, '89.58', '4.48', '2015-01-02'),
(218, 179, '93.06', '26.06', '2016-10-28'),
(219, 179, '302.38', '22.68', '2016-10-28'),
(220, 180, '5.58', '1.81', '2015-12-24'),
(221, 180, '22.70', '8.23', '2015-12-24'),
(222, 180, '19.78', '-13.84', '2015-12-24'),
(223, 180, '72.70', '19.08', '2015-12-24'),
(224, 180, '479.99', '-383.99', '2015-12-24'),
(225, 180, '27.17', '2.72', '2015-12-24'),
(226, 97, '2.20', '0.97', '2015-08-09'),
(227, 97, '622.45', '136.94', '2015-08-09'),
(228, 97, '21.98', '0.22', '2015-08-09'),
(229, 354, '161.57', '-28.27', '2015-02-28'),
(230, 354, '389.70', '43.84', '2015-02-28'),
(231, 122, '18.65', '-12.43', '2014-09-13'),
(232, 70, '233.86', '-102.05', '2017-04-07'),
(233, 70, '620.61', '-248.25', '2017-04-07'),
(234, 70, '5.33', '-3.55', '2017-04-07'),
(235, 70, '258.07', '0.00', '2017-04-07'),
(236, 70, '617.98', '-7.72', '2017-04-07'),
(237, 94, '10.56', '4.75', '2017-11-12'),
(238, 202, '25.92', '9.40', '2016-06-04'),
(239, 202, '419.68', '-356.73', '2016-06-04'),
(240, 202, '11.69', '-4.68', '2016-06-04'),
(241, 202, '31.98', '11.19', '2016-06-04'),
(242, 202, '177.23', '-120.51', '2016-06-04'),
(243, 202, '4.04', '-2.83', '2016-06-04'),
(244, 202, '7.41', '1.20', '2016-06-04'),
(245, 105, '2001.86', '580.54', '2014-06-01'),
(246, 105, '166.72', '41.68', '2014-06-01'),
(247, 105, '47.88', '23.94', '2014-06-01'),
(248, 105, '1503.25', '496.07', '2014-06-01'),
(249, 105, '25.92', '12.44', '2014-06-01'),
(250, 222, '321.57', '28.14', '2016-12-10'),
(251, 197, '7.61', '3.58', '2016-09-11'),
(252, 197, '3347.37', '636.00', '2016-09-11'),
(253, 101, '80.58', '22.56', '2016-12-10'),
(254, 101, '361.92', '162.86', '2016-12-10'),
(255, 85, '12.13', '-8.49', '2015-11-28'),
(256, 85, '82.37', '-19.56', '2015-11-28'),
(257, 85, '53.92', '4.04', '2015-11-28'),
(258, 85, '647.90', '56.69', '2015-11-28'),
(259, 79, '20.37', '6.93', '2017-12-01'),
(260, 79, '221.55', '6.65', '2017-12-01'),
(261, 79, '17.52', '6.13', '2017-12-01'),
(262, 108, '1.62', '-4.47', '2017-06-08'),
(263, 318, '3059.98', '-510.00', '2014-09-19'),
(264, 318, '2519.96', '-252.00', '2014-09-19'),
(265, 299, '328.22', '28.72', '2016-06-06'),
(266, 7, '79.90', '35.16', '2015-11-10'),
(267, 74, '14.02', '4.73', '2017-06-16'),
(268, 268, '7.56', '0.30', '2016-01-22'),
(269, 66, '37.21', '-7.44', '2017-12-09'),
(270, 66, '57.58', '21.59', '2017-12-09'),
(271, 204, '725.84', '210.49', '2017-12-28'),
(272, 148, '209.93', '92.37', '2015-07-30'),
(273, 148, '5.28', '2.32', '2015-07-30'),
(274, 148, '10.92', '4.10', '2015-07-30'),
(275, 32, '8.82', '4.06', '2017-09-16'),
(276, 32, '5.98', '1.55', '2017-09-16'),
(277, 17, '11.65', '4.08', '2017-10-13'),
(278, 17, '18.18', '5.91', '2017-10-13'),
(279, 17, '59.71', '5.97', '2017-10-13'),
(280, 17, '24.84', '8.69', '2017-10-13'),
(281, 330, '2.08', '-3.43', '2015-09-26'),
(282, 330, '1114.40', '376.11', '2015-09-26'),
(283, 157, '1038.84', '51.94', '2015-11-02'),
(284, 348, '141.76', '47.84', '2015-09-26'),
(285, 348, '239.80', '47.96', '2015-09-26'),
(286, 348, '31.10', '10.89', '2015-09-26'),
(287, 6, '254.06', '-169.37', '2016-12-18'),
(288, 6, '194.53', '24.32', '2016-12-18'),
(289, 6, '961.48', '-204.31', '2016-12-18'),
(290, 257, '19.10', '6.68', '2016-11-20'),
(291, 257, '18.50', '6.24', '2016-11-20'),
(292, 257, '255.98', '54.40', '2016-11-20'),
(293, 257, '86.97', '-48.70', '2016-11-20'),
(294, 198, '300.42', '78.86', '2014-12-26'),
(295, 198, '230.35', '20.16', '2014-12-26'),
(296, 198, '218.35', '-24.56', '2014-12-26'),
(297, 198, '78.60', '-62.88', '2014-12-26'),
(298, 198, '27.55', '9.30', '2014-12-26'),
(299, 178, '32.40', '15.55', '2016-10-28'),
(300, 178, '1082.48', '10.82', '2016-10-28'),
(301, 178, '56.91', '27.32', '2016-10-28'),
(302, 178, '77.60', '38.02', '2016-10-28'),
(303, 178, '14.28', '6.57', '2016-10-28'),
(304, 179, '219.08', '-131.45', '2017-11-19'),
(305, 8, '26.80', '12.86', '2015-05-04'),
(306, 200, '9.84', '2.85', '2014-12-30'),
(307, 78, '45.48', '20.92', '2014-06-01'),
(308, 78, '289.20', '83.87', '2014-06-01'),
(309, 322, '4.89', '2.00', '2017-04-15'),
(310, 37, '15.14', '3.59', '2016-09-12'),
(311, 37, '466.77', '52.51', '2016-09-12'),
(312, 37, '15.23', '1.71', '2016-09-12'),
(313, 37, '6.26', '2.04', '2016-09-12'),
(314, 344, '87.54', '37.64', '2014-09-27'),
(315, 19, '178.38', '22.30', '2014-08-09'),
(316, 19, '15.55', '5.44', '2014-08-09'),
(317, 334, '99.14', '8.67', '2014-12-28'),
(318, 255, '135.88', '24.16', '2014-11-04'),
(319, 255, '3991.98', '1995.99', '2014-11-04'),
(320, 255, '275.94', '80.02', '2014-11-04'),
(321, 255, '360.00', '129.60', '2014-11-04'),
(322, 255, '43.57', '13.07', '2014-11-04'),
(323, 127, '7.16', '3.58', '2014-09-19'),
(324, 138, '251.52', '81.74', '2016-04-23'),
(325, 138, '99.99', '35.00', '2016-04-23'),
(326, 106, '15.99', '1.00', '2017-11-03'),
(327, 266, '290.90', '-67.88', '2016-08-30'),
(328, 266, '54.22', '3.39', '2016-08-30'),
(329, 266, '786.74', '-258.50', '2016-08-30'),
(330, 266, '100.24', '33.83', '2016-08-30'),
(331, 266, '37.76', '-27.69', '2016-08-30'),
(332, 177, '82.80', '-20.70', '2016-04-25'),
(333, 177, '20.72', '-13.82', '2016-04-25'),
(334, 177, '4.90', '-3.43', '2016-04-25'),
(335, 109, '4.75', '1.60', '2015-09-01'),
(336, 109, '959.98', '335.99', '2015-09-01'),
(337, 109, '14.37', '4.49', '2015-09-01'),
(338, 15, '7.71', '2.80', '2014-07-12'),
(339, 15, '698.35', '-17.46', '2014-07-12'),
(340, 202, '4.96', '2.33', '2015-06-22'),
(341, 178, '17.86', '1.12', '2014-04-13'),
(342, 178, '509.97', '-407.98', '2014-04-13'),
(343, 178, '30.99', '10.07', '2014-04-13'),
(344, 178, '71.93', '8.39', '2014-04-13'),
(345, 61, '88.80', '-2.22', '2015-12-20'),
(346, 75, '47.98', '4.80', '2017-06-15'),
(347, 337, '7.56', '3.10', '2017-07-08'),
(348, 337, '24.56', '11.54', '2017-07-08'),
(349, 337, '12.96', '4.15', '2017-07-08'),
(350, 1, '6.79', '2.31', '2016-09-01'),
(351, 1, '24.56', '11.54', '2016-09-01'),
(352, 1, '3.05', '1.07', '2016-09-01'),
(353, 1, '49.12', '23.09', '2016-09-01'),
(354, 1, '4355.17', '1415.43', '2016-09-01'),
(355, 165, '388.70', '-4.86', '2016-04-08'),
(356, 165, '8.26', '3.80', '2016-04-08'),
(357, 165, '17.04', '6.99', '2016-04-08'),
(358, 165, '34.40', '15.82', '2016-04-08'),
(359, 147, '36.24', '11.33', '2016-04-23'),
(360, 357, '647.84', '168.44', '2017-03-08'),
(361, 357, '20.70', '9.94', '2017-03-08'),
(362, 195, '20.70', '9.94', '2017-09-25'),
(363, 195, '488.65', '86.87', '2017-09-25'),
(364, 195, '5.56', '1.45', '2017-09-25'),
(365, 195, '47.12', '20.73', '2017-09-25'),
(366, 184, '211.96', '8.48', '2014-09-24'),
(367, 241, '23.20', '10.44', '2016-10-21'),
(368, 241, '7.36', '0.15', '2016-10-21'),
(369, 241, '104.79', '29.34', '2016-10-21'),
(370, 241, '1043.92', '271.42', '2016-10-21'),
(371, 145, '25.92', '9.40', '2017-05-29'),
(372, 145, '53.42', '4.67', '2017-05-29'),
(373, 28, '8.16', '-5.71', '2014-07-23'),
(374, 28, '1023.94', '179.19', '2014-07-23'),
(375, 28, '9.24', '0.92', '2014-07-23'),
(376, 28, '479.04', '-29.94', '2014-07-23'),
(377, 250, '99.14', '30.98', '2016-09-28'),
(378, 14, '1488.42', '-297.68', '2017-08-27'),
(379, 303, '8.65', '-20.33', '2015-04-28'),
(380, 303, '23.83', '2.68', '2015-04-28'),
(381, 303, '12.18', '-18.87', '2015-04-28'),
(382, 11, '50.96', '25.48', '2016-10-28'),
(383, 11, '49.54', '17.34', '2016-10-28'),
(384, 206, '41.90', '8.80', '2015-06-26'),
(385, 103, '375.46', '-157.01', '2015-11-27'),
(386, 103, '83.98', '-1.05', '2015-11-27'),
(387, 99, '482.34', '-337.64', '2015-12-03'),
(388, 99, '2.96', '0.78', '2015-12-03'),
(389, 254, '2.62', '0.43', '2014-11-24'),
(390, 248, '23.36', '7.88', '2017-12-11'),
(391, 248, '39.98', '13.59', '2017-12-11'),
(392, 153, '246.38', '27.72', '2014-09-21'),
(393, 153, '1799.97', '701.99', '2014-09-21'),
(394, 34, '12.46', '-20.56', '2014-06-07'),
(395, 356, '75.79', '25.58', '2017-06-30'),
(396, 314, '49.96', '9.49', '2017-10-17'),
(397, 314, '12.96', '6.22', '2017-10-17'),
(398, 146, '70.12', '21.04', '2015-10-31'),
(399, 21, '35.95', '3.60', '2016-09-08'),
(400, 21, '2396.27', '-317.15', '2016-09-08'),
(401, 21, '131.14', '-32.78', '2016-09-08'),
(402, 21, '57.58', '0.72', '2016-09-08'),
(403, 223, '9.57', '3.47', '2014-12-24'),
(404, 327, '39.07', '9.77', '2014-04-16'),
(405, 300, '35.91', '9.70', '2017-12-24'),
(406, 196, '179.95', '37.79', '2017-12-08'),
(407, 196, '1199.98', '434.99', '2017-12-08'),
(408, 196, '27.15', '13.30', '2017-12-08'),
(409, 196, '1004.02', '-112.95', '2017-12-08'),
(410, 196, '9.68', '4.65', '2017-12-08'),
(411, 196, '28.35', '13.61', '2017-12-08'),
(412, 196, '55.98', '27.43', '2017-12-08'),
(413, 196, '1336.83', '31.45', '2017-12-08'),
(414, 196, '113.57', '-18.45', '2017-12-08'),
(415, 203, '139.86', '65.73', '2017-11-03'),
(416, 203, '307.14', '26.87', '2017-11-03'),
(417, 58, '95.92', '25.90', '2017-06-24'),
(418, 276, '383.80', '38.38', '2016-04-14'),
(419, 357, '5.78', '2.83', '2017-11-06'),
(420, 334, '9.32', '2.70', '2017-03-04'),
(421, 334, '15.25', '7.02', '2017-03-04'),
(422, 173, '196.75', '56.57', '2014-06-22'),
(423, 242, '56.56', '14.71', '2017-10-19'),
(424, 242, '32.70', '8.50', '2017-10-19'),
(425, 253, '866.40', '225.26', '2017-08-21'),
(426, 156, '28.40', '11.08', '2017-11-23'),
(427, 156, '287.92', '138.20', '2017-11-23'),
(428, 323, '69.99', '30.10', '2014-09-12'),
(429, 201, '6.67', '0.50', '2017-10-01'),
(430, 297, '189.59', '-145.35', '2016-04-15'),
(431, 297, '408.74', '76.64', '2016-04-15'),
(432, 297, '291.96', '54.74', '2016-04-15'),
(433, 297, '4.77', '-0.77', '2016-04-15'),
(434, 91, '714.30', '207.15', '2016-06-06'),
(435, 247, '4.81', '-3.69', '2014-12-19'),
(436, 247, '247.80', '-18.59', '2014-12-19'),
(437, 278, '1007.98', '43.20', '2016-06-12'),
(438, 278, '313.49', '113.64', '2016-06-12'),
(439, 45, '31.87', '11.55', '2017-09-15'),
(440, 83, '207.85', '2.31', '2017-01-20'),
(441, 273, '12.22', '3.67', '2016-09-05'),
(442, 273, '194.94', '23.39', '2016-09-05'),
(443, 273, '70.95', '20.58', '2016-09-05'),
(444, 273, '91.36', '42.03', '2016-09-05'),
(445, 273, '242.94', '29.15', '2016-09-05'),
(446, 273, '22.05', '10.58', '2016-09-05'),
(447, 351, '2.91', '1.37', '2017-03-20'),
(448, 283, '59.52', '15.48', '2016-04-01'),
(449, 283, '161.94', '9.72', '2016-04-01'),
(450, 283, '263.88', '71.25', '2016-04-01'),
(451, 283, '30.48', '7.92', '2016-04-01'),
(452, 283, '9.84', '2.85', '2016-04-01'),
(453, 283, '35.12', '9.13', '2016-04-01'),
(454, 112, '284.36', '-75.83', '2017-10-20'),
(455, 112, '665.41', '66.54', '2017-10-20'),
(456, 201, '63.88', '24.91', '2016-12-13'),
(457, 311, '129.57', '-24.29', '2014-02-12'),
(458, 253, '747.56', '-96.11', '2016-09-26'),
(459, 253, '8.93', '3.35', '2016-09-26'),
(460, 183, '103.92', '36.37', '2015-12-15'),
(461, 183, '899.91', '377.96', '2015-12-15'),
(462, 183, '51.31', '18.60', '2015-12-15'),
(463, 339, '23.56', '7.07', '2016-04-22'),
(464, 339, '1272.63', '-814.48', '2016-04-22'),
(465, 339, '28.49', '-20.89', '2016-04-22'),
(466, 339, '185.38', '-34.76', '2016-04-22'),
(467, 339, '78.27', '5.87', '2016-04-22'),
(468, 181, '254.74', '-312.06', '2015-01-17'),
(469, 97, '205.33', '-36.24', '2017-03-31'),
(470, 79, '4.79', '-7.90', '2016-12-16'),
(471, 237, '55.48', '26.63', '2015-12-20'),
(472, 166, '340.92', '3.41', '2014-11-09'),
(473, 166, '222.67', '10.48', '2014-11-09'),
(474, 166, '703.97', '88.00', '2014-11-09'),
(475, 166, '92.52', '24.98', '2014-11-09'),
(476, 166, '62.65', '28.82', '2014-11-09'),
(477, 166, '94.85', '45.53', '2014-11-09'),
(478, 204, '95.76', '7.18', '2016-07-12'),
(479, 163, '40.20', '19.30', '2016-10-27'),
(480, 175, '14.70', '6.62', '2016-06-26'),
(481, 175, '704.25', '84.51', '2016-06-26'),
(482, 359, '9.09', '1.91', '2014-10-06'),
(483, 123, '5.96', '1.67', '2014-07-22'),
(484, 123, '159.98', '57.59', '2014-07-22'),
(485, 244, '29.60', '14.80', '2017-06-10'),
(486, 244, '514.17', '-30.25', '2017-06-10'),
(487, 244, '279.96', '17.50', '2017-06-10'),
(488, 333, '2735.95', '341.99', '2014-10-29'),
(489, 54, '7.99', '0.60', '2014-06-09'),
(490, 54, '63.98', '10.40', '2014-06-09'),
(491, 54, '70.37', '6.16', '2014-06-09'),
(492, 31, '449.15', '8.98', '2014-09-14'),
(493, 31, '11.07', '5.09', '2014-09-14'),
(494, 326, '93.98', '13.16', '2016-05-09'),
(495, 296, '189.88', '-94.94', '2016-03-18'),
(496, 226, '105.42', '51.66', '2015-12-27'),
(497, 311, '119.62', '40.37', '2016-07-25'),
(498, 311, '255.76', '81.84', '2016-07-25'),
(499, 311, '241.57', '18.12', '2016-07-25'),
(500, 311, '69.30', '22.87', '2016-07-25'),
(501, 228, '22.62', '-15.08', '2016-05-30'),
(502, 228, '14.95', '-11.96', '2016-05-30'),
(503, 228, '801.57', '50.10', '2016-05-30'),
(504, 228, '2.38', '-1.90', '2016-05-30'),
(505, 228, '32.79', '11.89', '2016-05-30'),
(506, 112, '15.92', '5.37', '2017-11-12'),
(507, 69, '2.74', '0.74', '2015-03-16'),
(508, 69, '8.34', '2.17', '2015-03-16'),
(509, 69, '46.74', '11.69', '2015-03-16'),
(510, 69, '6354.95', '3177.48', '2015-03-16'),
(511, 224, '126.30', '40.42', '2017-11-26'),
(512, 224, '38.04', '12.17', '2017-11-26'),
(513, 223, '7.15', '0.72', '2016-10-20'),
(514, 44, '6.63', '1.79', '2017-12-21'),
(515, 44, '5.88', '1.71', '2017-12-21'),
(516, 5, '2999.95', '1379.98', '2017-01-22'),
(517, 5, '51.45', '13.89', '2017-01-22'),
(518, 5, '11.96', '5.38', '2017-01-22'),
(519, 5, '1126.02', '56.30', '2017-01-22'),
(520, 98, '18.39', '5.29', '2015-03-22'),
(521, 98, '129.57', '-25.91', '2015-03-22'),
(522, 98, '14.11', '-21.17', '2015-03-22'),
(523, 233, '210.98', '21.10', '2017-01-23'),
(524, 222, '55.18', '-12.41', '2016-05-21'),
(525, 222, '66.26', '27.17', '2016-05-21'),
(526, 47, '22.20', '10.43', '2015-12-26'),
(527, 264, '683.95', '42.75', '2017-10-21'),
(528, 264, '45.70', '5.14', '2017-10-21'),
(529, 246, '36.34', '-7.27', '2015-09-03'),
(530, 246, '666.25', '-149.91', '2015-09-03'),
(531, 246, '52.51', '19.69', '2015-09-03'),
(532, 189, '190.72', '11.92', '2015-11-07'),
(533, 158, '47.94', '2.40', '2017-09-07'),
(534, 289, '979.95', '274.39', '2016-05-29'),
(535, 289, '22.75', '11.38', '2016-05-29'),
(536, 13, '16.77', '1.47', '2016-07-10'),
(537, 118, '42.62', '-68.19', '2017-09-03'),
(538, 229, '10.75', '3.36', '2015-12-03'),
(539, 87, '152.94', '41.29', '2015-12-07'),
(540, 87, '283.92', '70.98', '2015-12-07'),
(541, 43, '468.90', '206.32', '2014-02-01'),
(542, 124, '380.86', '38.09', '2016-07-14'),
(543, 218, '646.78', '-145.52', '2015-12-18'),
(544, 268, '58.11', '7.26', '2014-05-11'),
(545, 268, '100.79', '6.30', '2014-05-11'),
(546, 268, '66.11', '-84.29', '2014-05-11'),
(547, 3, '41.28', '13.93', '2017-11-19'),
(548, 3, '13.36', '6.41', '2017-11-19'),
(549, 99, '250.27', '15.64', '2015-11-15'),
(550, 99, '11.36', '-17.05', '2015-11-15'),
(551, 99, '8.72', '-1.74', '2015-11-15'),
(552, 40, '1121.57', '0.00', '2016-04-15'),
(553, 304, '34.50', '6.04', '2017-09-11'),
(554, 142, '10.82', '2.57', '2017-11-24'),
(555, 99, '1295.78', '310.99', '2017-06-29'),
(556, 30, '19.46', '3.40', '2014-03-03'),
(557, 261, '20.70', '9.94', '2016-06-10'),
(558, 261, '1335.68', '-217.05', '2016-06-10'),
(559, 261, '32.40', '15.55', '2016-06-10'),
(560, 219, '42.60', '16.61', '2017-11-20'),
(561, 219, '84.06', '27.32', '2017-11-20'),
(562, 82, '13.00', '1.30', '2014-09-14'),
(563, 82, '13.13', '3.77', '2014-09-14'),
(564, 164, '3.96', '0.00', '2015-12-07'),
(565, 164, '2.61', '1.20', '2015-12-07'),
(566, 129, '374.38', '46.80', '2017-12-07'),
(567, 114, '91.84', '45.00', '2017-10-01'),
(568, 114, '81.09', '27.37', '2017-10-01'),
(569, 114, '19.44', '9.33', '2017-10-01'),
(570, 114, '451.15', '0.00', '2017-10-01'),
(571, 162, '72.45', '34.78', '2017-12-28'),
(572, 162, '13.96', '6.42', '2017-12-28'),
(573, 162, '33.26', '11.23', '2017-12-28'),
(574, 162, '14.85', '4.01', '2017-12-28'),
(575, 316, '8.82', '2.38', '2016-11-03'),
(576, 353, '160.72', '78.75', '2015-09-18'),
(577, 353, '19.92', '9.76', '2015-09-18'),
(578, 353, '7.30', '2.19', '2015-09-18'),
(579, 56, '69.71', '8.71', '2017-07-20'),
(580, 56, '8.79', '-5.71', '2017-07-20'),
(581, 62, '51.52', '1.55', '2015-09-10'),
(582, 104, '470.38', '52.92', '2017-12-01'),
(583, 104, '105.58', '9.24', '2017-12-01'),
(584, 104, '31.15', '3.50', '2017-12-01'),
(585, 104, '6.78', '-4.75', '2017-12-01'),
(586, 104, '406.37', '30.48', '2017-12-01'),
(587, 50, '70.98', '4.97', '2015-07-03'),
(588, 50, '294.93', '144.52', '2015-07-03'),
(589, 361, '84.78', '-20.14', '2016-03-20'),
(590, 361, '20.74', '7.26', '2016-03-20'),
(591, 361, '16.82', '-12.90', '2016-03-20'),
(592, 361, '10.37', '3.63', '2016-03-20'),
(593, 239, '9.34', '1.17', '2014-01-09'),
(594, 239, '31.20', '9.75', '2014-01-09'),
(595, 212, '76.12', '22.07', '2014-08-08'),
(596, 212, '1199.98', '434.99', '2014-08-08'),
(597, 212, '445.96', '55.75', '2014-08-08'),
(598, 212, '327.76', '91.77', '2014-08-08'),
(599, 342, '11.63', '1.02', '2016-07-14'),
(600, 63, '143.98', '-28.80', '2016-07-16'),
(601, 63, '494.38', '-115.35', '2016-07-16'),
(602, 63, '5.84', '0.73', '2016-07-16'),
(603, 9, '142.78', '17.85', '2014-03-15'),
(604, 9, '45.70', '5.14', '2014-03-15'),
(605, 9, '7.22', '-5.53', '2014-03-15'),
(606, 9, '43.19', '-31.67', '2014-03-15'),
(607, 9, '131.90', '47.82', '2014-03-15'),
(608, 18, '3.28', '-2.63', '2014-05-23'),
(609, 18, '21.17', '2.38', '2014-05-23'),
(610, 18, '55.19', '-10.12', '2014-05-23'),
(611, 258, '369.58', '41.58', '2016-04-28'),
(612, 258, '15.71', '5.70', '2016-04-28'),
(613, 137, '8.45', '2.64', '2016-09-11'),
(614, 137, '728.95', '-157.94', '2016-09-11'),
(615, 77, '119.94', '15.99', '2017-11-14'),
(616, 77, '3.65', '-2.80', '2017-11-14'),
(617, 252, '40.48', '15.79', '2017-08-18'),
(618, 252, '9.94', '3.08', '2017-08-18'),
(619, 252, '107.42', '33.57', '2017-08-18'),
(620, 252, '37.91', '10.99', '2017-08-18'),
(621, 252, '88.02', '27.29', '2017-08-18'),
(622, 65, '8.69', '-14.77', '2014-12-26'),
(623, 336, '301.96', '87.57', '2015-11-29'),
(624, 336, '555.21', '178.90', '2015-11-29'),
(625, 336, '523.48', '130.87', '2015-11-29'),
(626, 336, '161.82', '46.93', '2015-11-29'),
(627, 238, '35.56', '12.09', '2017-09-15'),
(628, 22, '97.16', '28.18', '2017-05-19'),
(629, 221, '15.24', '5.14', '2017-12-17'),
(630, 221, '13.23', '6.09', '2017-12-17'),
(631, 131, '243.38', '-51.72', '2016-12-11'),
(632, 131, '119.80', '29.95', '2016-12-11'),
(633, 131, '300.77', '30.08', '2016-12-11'),
(634, 47, '17.88', '2.46', '2017-09-24'),
(635, 47, '235.94', '85.53', '2017-09-24'),
(636, 102, '392.94', '43.22', '2015-10-04'),
(637, 235, '18.88', '-13.85', '2016-08-15'),
(638, 235, '122.33', '12.23', '2016-08-15'),
(639, 285, '1049.20', '272.79', '2016-05-20'),
(640, 285, '15.42', '5.01', '2016-05-20'),
(641, 186, '18.84', '6.03', '2016-12-18'),
(642, 176, '330.40', '85.90', '2017-07-30'),
(643, 176, '26.25', '12.60', '2017-07-30'),
(644, 319, '132.52', '54.33', '2017-06-10'),
(645, 338, '6.48', '3.18', '2017-07-21'),
(646, 71, '209.30', '56.51', '2017-12-30'),
(647, 32, '31.56', '9.86', '2016-04-01'),
(648, 32, '30.14', '3.01', '2016-04-01'),
(649, 26, '14.80', '6.07', '2016-12-11'),
(650, 26, '302.38', '22.68', '2016-12-11'),
(651, 26, '316.00', '31.60', '2016-12-11'),
(652, 331, '379.40', '178.32', '2016-10-23'),
(653, 14, '97.82', '45.98', '2017-06-19'),
(654, 14, '103.12', '10.31', '2017-06-19'),
(655, 80, '113.55', '8.52', '2016-08-22'),
(656, 80, '3.32', '-2.65', '2016-08-22'),
(657, 80, '134.29', '45.32', '2016-08-22'),
(658, 126, '701.37', '-50.10', '2016-09-19'),
(659, 126, '2.31', '-3.46', '2016-09-19'),
(660, 59, '999.43', '124.93', '2015-08-24'),
(661, 59, '724.08', '-135.77', '2015-08-24'),
(662, 59, '918.79', '-118.13', '2015-08-24'),
(663, 59, '2.72', '-4.22', '2015-08-24'),
(664, 325, '459.95', '18.40', '2016-03-26'),
(665, 299, '10.74', '5.26', '2016-11-04'),
(666, 345, '23.76', '2.08', '2017-06-08'),
(667, 345, '85.06', '28.71', '2017-06-08'),
(668, 345, '381.58', '28.62', '2017-06-08'),
(669, 284, '30.36', '8.73', '2014-12-24'),
(670, 238, '23.98', '-14.39', '2017-06-09'),
(671, 238, '108.93', '-71.89', '2017-06-09'),
(672, 238, '36.35', '11.36', '2017-06-09'),
(673, 337, '19.56', '1.71', '2017-06-15'),
(674, 287, '61.44', '16.59', '2017-12-05'),
(675, 287, '38.90', '17.51', '2017-12-05'),
(676, 287, '99.39', '40.75', '2017-12-05'),
(677, 57, '2.69', '-7.39', '2017-03-18'),
(678, 57, '27.82', '4.52', '2017-03-18'),
(679, 57, '82.52', '-41.26', '2017-03-18'),
(680, 57, '182.99', '-320.24', '2017-03-18'),
(681, 110, '14.35', '4.66', '2016-11-19'),
(682, 110, '64.96', '2.60', '2016-11-19'),
(683, 110, '68.60', '18.52', '2016-11-19'),
(684, 139, '7999.98', '-3839.99', '2017-11-04'),
(685, 139, '167.44', '14.65', '2017-11-04'),
(686, 240, '479.97', '163.19', '2014-07-05'),
(687, 240, '14.62', '6.87', '2014-07-05'),
(688, 240, '19.44', '9.33', '2014-07-05'),
(689, 281, '191.98', '4.80', '2017-12-25'),
(690, 251, '104.01', '14.56', '2014-06-21'),
(691, 251, '284.82', '74.05', '2014-06-21'),
(692, 251, '36.84', '10.32', '2014-06-21'),
(693, 0, '166.24', '24.94', '2015-03-28'),
(694, 0, '33.40', '16.03', '2015-03-28'),
(695, 168, '198.27', '17.35', '2015-05-14'),
(696, 168, '47.36', '17.76', '2015-05-14'),
(697, 168, '200.98', '62.81', '2015-05-14'),
(698, 168, '97.70', '31.75', '2015-05-14'),
(699, 168, '2.70', '0.81', '2015-05-14'),
(700, 168, '18.59', '-13.63', '2015-05-14'),
(701, 168, '4.90', '-3.43', '2015-05-14'),
(702, 108, '15.07', '4.14', '2017-09-02'),
(703, 11, '209.88', '35.68', '2016-11-04'),
(704, 160, '369.91', '-13.87', '2015-04-09'),
(705, 42, '10.37', '3.63', '2014-09-12'),
(706, 42, '166.84', '18.77', '2014-09-12'),
(707, 42, '15.22', '2.28', '2014-09-12'),
(708, 96, '119.96', '52.78', '2014-12-02'),
(709, 96, '883.92', '-110.49', '2014-12-02'),
(710, 96, '46.72', '15.77', '2014-12-02'),
(711, 349, '55.48', '26.63', '2014-04-05'),
(712, 29, '24.45', '8.86', '2017-09-03'),
(713, 295, '281.34', '109.72', '2017-05-19'),
(714, 295, '307.98', '89.31', '2017-05-19'),
(715, 295, '299.97', '113.99', '2017-05-19'),
(716, 108, '19.92', '6.97', '2014-07-01'),
(717, 321, '9.94', '3.08', '2014-01-11'),
(718, 197, '103.06', '24.48', '2017-09-24'),
(719, 67, '59.81', '19.44', '2014-06-02'),
(720, 67, '73.32', '22.00', '2014-06-02'),
(721, 298, '146.82', '73.41', '2016-02-13'),
(722, 242, '1652.94', '231.41', '2016-12-15'),
(723, 242, '296.37', '80.02', '2016-12-15'),
(724, 231, '129.92', '21.11', '2014-10-07'),
(725, 328, '45.58', '5.13', '2016-07-07'),
(726, 159, '17.57', '6.37', '2017-09-16'),
(727, 159, '55.99', '5.60', '2017-09-16'),
(728, 117, '182.72', '84.05', '2016-12-03'),
(729, 117, '400.03', '-153.35', '2016-12-03'),
(730, 117, '33.63', '10.09', '2016-12-03'),
(731, 117, '542.65', '102.50', '2016-12-03'),
(732, 117, '6.30', '3.02', '2016-12-03'),
(733, 89, '242.94', '9.72', '2017-01-21'),
(734, 89, '179.97', '86.39', '2017-01-21'),
(735, 89, '99.70', '33.65', '2017-01-21'),
(736, 89, '27.94', '9.43', '2017-01-21'),
(737, 89, '84.98', '18.70', '2017-01-21'),
(738, 89, '18.72', '6.55', '2017-01-21'),
(739, 134, '49.98', '8.50', '2014-09-08'),
(740, 279, '11.78', '4.27', '2014-01-04'),
(741, 279, '272.74', '-64.77', '2014-01-04'),
(742, 279, '3.54', '-5.49', '2014-01-04'),
(743, 335, '51.52', '-10.95', '2016-08-27'),
(744, 335, '3.53', '1.15', '2016-08-27'),
(745, 335, '4.62', '1.68', '2016-08-27'),
(746, 335, '55.17', '6.21', '2016-08-27'),
(747, 237, '567.12', '-28.36', '2014-05-27'),
(748, 237, '359.32', '7.19', '2014-05-27'),
(749, 274, '11.99', '0.90', '2016-03-20'),
(750, 294, '58.05', '26.70', '2017-10-02'),
(751, 294, '157.74', '56.79', '2017-10-02'),
(752, 294, '56.98', '22.79', '2017-10-02'),
(753, 294, '2.88', '1.41', '2017-10-02'),
(754, 360, '1199.98', '374.99', '2016-04-07'),
(755, 239, '79.92', '28.77', '2015-12-07'),
(756, 258, '383.44', '-167.32', '2016-09-18'),
(757, 100, '24.56', '6.88', '2014-12-29'),
(758, 100, '119.80', '47.92', '2014-12-29'),
(759, 68, '13.13', '4.27', '2017-07-23'),
(760, 33, '22.72', '10.22', '2017-09-18'),
(761, 18, '58.32', '27.99', '2015-08-31'),
(762, 185, '12.39', '5.70', '2017-11-03'),
(763, 217, '107.98', '-27.00', '2015-02-08'),
(764, 64, '11.36', '5.34', '2014-01-13'),
(765, 64, '50.94', '25.47', '2014-01-13'),
(766, 64, '646.74', '258.70', '2014-01-13'),
(767, 64, '5.64', '2.71', '2014-01-13'),
(768, 64, '572.58', '34.35', '2014-01-13'),
(769, 25, '310.88', '23.32', '2014-05-14'),
(770, 207, '641.96', '179.75', '2016-05-19'),
(771, 38, '18.28', '9.14', '2017-01-30'),
(772, 38, '207.00', '51.75', '2017-01-30'),
(773, 38, '32.35', '16.18', '2017-01-30'),
(774, 38, '7.71', '3.47', '2017-01-30'),
(775, 38, '40.30', '10.88', '2017-01-30'),
(776, 38, '34.58', '14.52', '2017-01-30'),
(777, 84, '32.76', '3.69', '2014-06-29'),
(778, 257, '544.01', '40.80', '2015-08-21'),
(779, 257, '59.94', '28.17', '2015-08-21'),
(780, 257, '23.92', '11.72', '2015-08-21'),
(781, 257, '4.28', '1.93', '2015-08-21'),
(782, 52, '32.07', '-22.45', '2015-10-03'),
(783, 52, '24.00', '-2.70', '2015-10-03'),
(784, 52, '35.49', '-15.62', '2015-10-03'),
(785, 52, '47.98', '0.60', '2015-10-03'),
(786, 122, '186.69', '87.74', '2015-05-23'),
(787, 76, '17.46', '5.89', '2017-03-17'),
(788, 220, '348.93', '34.89', '2015-12-12'),
(789, 333, '143.96', '69.10', '2015-06-26'),
(790, 333, '15.42', '4.16', '2015-06-26'),
(791, 333, '43.04', '21.09', '2015-06-26'),
(792, 333, '332.94', '79.91', '2015-06-26'),
(793, 172, '1363.96', '85.25', '2016-05-20'),
(794, 121, '9.96', '4.58', '2014-09-20'),
(795, 121, '21.72', '10.64', '2014-09-20'),
(796, 286, '20.16', '9.88', '2017-09-21'),
(797, 94, '132.79', '63.74', '2015-12-24'),
(798, 94, '12.96', '6.22', '2015-12-24'),
(799, 94, '21.56', '10.35', '2015-12-24'),
(800, 55, '283.92', '17.75', '2015-11-27'),
(801, 149, '22.23', '7.34', '2017-02-20'),
(802, 149, '215.97', '18.90', '2017-02-20'),
(803, 149, '355.32', '99.49', '2016-08-18'),
(804, 245, '12.96', '6.22', '2016-03-12'),
(805, 132, '18.28', '6.22', '2017-04-22'),
(806, 303, '43.18', '4.32', '2014-11-01'),
(807, 303, '1983.97', '248.00', '2014-11-01'),
(808, 13, '28.40', '11.08', '2015-02-03'),
(809, 13, '149.97', '50.99', '2015-02-03'),
(810, 361, '11.52', '3.23', '2014-10-13'),
(811, 361, '1298.55', '311.65', '2014-10-13'),
(812, 361, '213.92', '62.04', '2014-10-13'),
(813, 361, '25.78', '2.58', '2014-10-13'),
(814, 271, '18.28', '6.22', '2017-05-14'),
(815, 271, '1399.93', '601.97', '2017-05-14'),
(816, 35, '51.84', '24.88', '2015-03-20'),
(817, 98, '5.34', '1.87', '2016-09-15'),
(818, 82, '41.47', '14.52', '2014-06-28'),
(819, 82, '3.17', '-2.43', '2014-06-28'),
(820, 82, '1228.47', '0.00', '2014-06-28'),
(821, 82, '31.09', '-22.80', '2014-06-28'),
(822, 82, '335.52', '117.43', '2014-06-28'),
(823, 346, '239.97', '71.99', '2017-06-20'),
(824, 346, '9.82', '4.81', '2017-06-20'),
(825, 265, '67.80', '4.07', '2014-05-09'),
(826, 265, '167.97', '40.31', '2014-05-09'),
(827, 142, '35.00', '16.80', '2017-08-21'),
(828, 142, '37.24', '10.80', '2017-08-21'),
(829, 142, '15.28', '7.49', '2017-08-21'),
(830, 173, '301.96', '90.59', '2017-06-16'),
(831, 173, '180.66', '50.58', '2017-06-16'),
(832, 173, '191.98', '51.83', '2017-06-16'),
(833, 173, '65.99', '17.16', '2017-06-16'),
(834, 161, '35.22', '2.64', '2016-07-23'),
(835, 161, '23.70', '6.52', '2016-07-23'),
(836, 161, '265.48', '-111.50', '2016-07-23'),
(837, 217, '51.18', '-79.34', '2014-09-08'),
(838, 154, '9.66', '3.26', '2017-11-04'),
(839, 112, '21.07', '1.58', '2016-03-07'),
(840, 48, '60.45', '16.32', '2015-11-20'),
(841, 48, '11.52', '3.34', '2015-11-20'),
(842, 48, '186.05', '9.30', '2015-11-20'),
(843, 125, '37.44', '11.70', '2016-11-07'),
(844, 125, '26.98', '8.77', '2016-11-07'),
(845, 125, '11.36', '3.29', '2016-11-07'),
(846, 125, '14.62', '6.87', '2016-11-07'),
(847, 27, '83.72', '23.44', '2015-10-13'),
(848, 27, '287.94', '77.74', '2015-10-13'),
(849, 143, '48.90', '8.56', '2017-01-01'),
(850, 81, '115.36', '49.60', '2014-02-07'),
(851, 93, '5.16', '1.34', '2016-06-20'),
(852, 93, '38.88', '18.66', '2016-06-20'),
(853, 354, '185.88', '50.19', '2016-05-28'),
(854, 142, '44.46', '14.67', '2016-02-19'),
(855, 142, '242.94', '9.72', '2016-02-19'),
(856, 39, '39.96', '18.78', '2014-08-03'),
(857, 39, '102.30', '26.60', '2014-08-03'),
(858, 39, '21.36', '5.77', '2014-08-03'),
(859, 313, '7.61', '3.58', '2017-04-10'),
(860, 313, '7.16', '3.58', '2017-04-10'),
(861, 72, '7.36', '0.15', '2014-06-09'),
(862, 72, '23.10', '10.63', '2014-06-09'),
(863, 25, '191.47', '40.69', '2016-01-05'),
(864, 25, '5.25', '0.59', '2016-01-05'),
(865, 25, '59.18', '5.18', '2016-01-05'),
(866, 24, '2.89', '1.36', '2014-01-10'),
(867, 24, '51.94', '21.30', '2014-01-10'),
(868, 214, '15.94', '5.18', '2016-09-29'),
(869, 144, '44.91', '-35.93', '2014-04-06'),
(870, 269, '1141.47', '-760.98', '2016-09-03'),
(871, 269, '280.78', '-46.80', '2016-09-03'),
(872, 348, '34.44', '17.22', '2015-10-19'),
(873, 307, '11.36', '5.23', '2014-12-10'),
(874, 307, '106.34', '37.22', '2014-12-10'),
(875, 143, '192.16', '67.26', '2017-08-25'),
(876, 71, '322.59', '64.52', '2016-01-17'),
(877, 71, '29.99', '13.20', '2016-01-17'),
(878, 71, '371.97', '66.95', '2016-01-17'),
(879, 23, '5.89', '-4.12', '2014-09-17'),
(880, 146, '68.47', '23.11', '2017-11-30'),
(881, 146, '1242.90', '262.39', '2017-11-30'),
(882, 92, '30.84', '8.33', '2015-10-09'),
(883, 134, '13.48', '5.93', '2017-12-23'),
(884, 275, '31.40', '10.05', '2016-10-22'),
(885, 208, '17.46', '5.94', '2014-04-29'),
(886, 169, '13.94', '4.53', '2015-04-25'),
(887, 261, '83.76', '1.68', '2017-06-26'),
(888, 113, '37.66', '18.45', '2017-10-14'),
(889, 81, '34.68', '16.99', '2014-12-09'),
(890, 163, '149.95', '15.00', '2017-06-20'),
(891, 163, '51.31', '18.60', '2017-06-20'),
(892, 349, '4.54', '2.04', '2017-06-26'),
(893, 349, '15.92', '5.41', '2017-06-26'),
(894, 349, '543.92', '135.98', '2017-06-26'),
(895, 262, '155.82', '42.07', '2016-11-10'),
(896, 262, '70.01', '24.50', '2016-11-10'),
(897, 151, '15.65', '5.09', '2016-10-03'),
(898, 227, '103.60', '51.80', '2014-09-09'),
(899, 136, '46.96', '22.54', '2017-10-29'),
(900, 188, '8.90', '-6.53', '2016-04-10'),
(901, 337, '10.44', '3.39', '2017-11-11'),
(902, 337, '18.34', '-32.09', '2017-11-11'),
(903, 91, '323.98', '20.25', '2017-09-15'),
(904, 221, '20.04', '9.62', '2016-04-08'),
(905, 221, '64.96', '2.60', '2016-04-08'),
(906, 221, '12.96', '6.22', '2016-04-08'),
(907, 267, '323.14', '12.12', '2017-12-30'),
(908, 267, '90.93', '2.73', '2017-12-30'),
(909, 267, '52.78', '19.79', '2017-12-30'),
(910, 41, '1199.80', '323.95', '2017-09-02'),
(911, 41, '1928.78', '829.38', '2017-09-02'),
(912, 41, '352.38', '81.05', '2017-09-02'),
(913, 308, '22.20', '9.10', '2015-05-31'),
(914, 48, '46.94', '19.25', '2017-11-27'),
(915, 48, '143.73', '56.05', '2017-11-27'),
(916, 198, '99.92', '-18.56', '2014-06-15'),
(917, 198, '797.94', '-57.00', '2014-06-15'),
(918, 198, '8.57', '-14.57', '2014-06-15'),
(919, 290, '149.35', '50.41', '2016-03-05'),
(920, 290, '12.99', '-0.81', '2016-03-05'),
(921, 299, '24.56', '6.88', '2014-12-05'),
(922, 312, '85.14', '34.91', '2015-04-11'),
(923, 312, '21.99', '10.56', '2015-04-11'),
(924, 312, '406.60', '113.85', '2015-04-11'),
(925, 2, '841.57', '294.55', '2016-09-15'),
(926, 167, '15.55', '5.44', '2014-09-13'),
(927, 167, '252.00', '53.55', '2014-09-13'),
(928, 174, '46.20', '12.94', '2015-10-05'),
(929, 174, '28.84', '9.52', '2015-10-05'),
(930, 0, '14.59', '2.55', '2017-04-14'),
(931, 0, '89.86', '21.34', '2017-04-14'),
(932, 0, '13.87', '5.03', '2017-04-14'),
(933, 282, '12.19', '4.11', '2017-09-02'),
(934, 60, '45.06', '15.21', '2016-06-20'),
(935, 60, '29.72', '-21.79', '2016-06-20'),
(936, 60, '15.55', '5.44', '2016-06-20'),
(937, 60, '447.70', '33.58', '2016-06-20'),
(938, 301, '159.99', '54.40', '2017-11-05'),
(939, 280, '12.96', '6.22', '2015-12-13'),
(940, 280, '134.48', '34.96', '2015-12-13'),
(941, 190, '17.12', '8.05', '2016-06-19'),
(942, 290, '6.10', '2.21', '2016-12-13'),
(943, 290, '1114.27', '41.79', '2016-12-13'),
(944, 177, '32.40', '15.55', '2015-05-29'),
(945, 177, '540.57', '140.55', '2015-05-29'),
(946, 177, '167.76', '62.91', '2015-05-29'),
(947, 82, '393.17', '-204.45', '2015-07-26'),
(948, 297, '516.49', '-12.91', '2017-11-28'),
(949, 297, '1007.23', '75.54', '2017-11-28'),
(950, 297, '2065.32', '-619.60', '2017-11-28'),
(951, 297, '15.55', '5.44', '2017-11-28'),
(952, 297, '25.34', '7.92', '2017-11-28'),
(953, 194, '25.47', '7.64', '2017-04-03'),
(954, 141, '27.17', '2.72', '2017-12-28'),
(955, 141, '78.85', '-11.60', '2017-12-28'),
(956, 317, '173.80', '43.45', '2017-11-30'),
(957, 182, '29.59', '2.59', '2017-05-15'),
(958, 182, '4.75', '-3.17', '2017-05-15'),
(959, 182, '15.55', '5.64', '2017-05-15'),
(960, 86, '204.60', '53.20', '2015-09-22'),
(961, 216, '321.57', '28.14', '2017-11-14'),
(962, 343, '6.24', '3.06', '2015-11-27'),
(963, 83, '21.88', '10.94', '2016-09-01'),
(964, 227, '4.61', '1.67', '2014-09-22'),
(965, 53, '9.82', '4.81', '2017-04-09'),
(966, 53, '35.97', '9.71', '2017-04-09'),
(967, 53, '12.96', '6.22', '2017-04-09'),
(968, 53, '191.60', '91.97', '2017-04-09'),
(969, 53, '8.64', '4.23', '2017-04-09'),
(970, 53, '501.81', '0.00', '2017-04-09'),
(971, 101, '127.10', '28.60', '2014-01-16'),
(972, 101, '124.20', '-31.05', '2014-01-16'),
(973, 101, '18.59', '-13.63', '2014-01-16'),
(974, 101, '30.07', '10.15', '2014-01-16'),
(975, 279, '160.93', '3.22', '2017-10-05'),
(976, 279, '75.79', '25.58', '2017-10-05'),
(977, 337, '1.08', '-0.79', '2017-07-09'),
(978, 35, '3059.98', '680.00', '2017-01-07'),
(979, 292, '3.28', '-2.63', '2016-05-30'),
(980, 200, '34.02', '16.67', '2015-12-09'),
(981, 116, '599.29', '93.22', '2016-10-03'),
(982, 350, '3.39', '0.81', '2014-11-11'),
(983, 350, '559.98', '56.00', '2014-11-11'),
(984, 350, '603.92', '75.49', '2014-11-11'),
(985, 20, '7.97', '2.59', '2017-09-29'),
(986, 20, '27.97', '9.44', '2017-09-29'),
(987, 20, '336.51', '44.87', '2017-09-29'),
(988, 347, '1.11', '-1.89', '2015-03-10'),
(989, 175, '520.05', '72.81', '2017-05-21'),
(990, 175, '17.97', '5.21', '2017-05-21'),
(991, 315, '1166.92', '131.28', '2015-03-29'),
(992, 352, '14.62', '5.48', '2016-09-09'),
(993, 294, '10.23', '4.91', '2016-08-26'),
(994, 294, '154.90', '69.71', '2016-08-26'),
(995, 249, '2715.93', '1276.49', '2014-05-21'),
(996, 249, '617.97', '173.03', '2014-05-21'),
(997, 288, '10.67', '4.91', '2015-10-28'),
(998, 288, '36.63', '9.89', '2015-10-28'),
(999, 288, '24.10', '9.16', '2015-10-28'),
(1000, 288, '33.11', '12.91', '2015-10-28');

-- --------------------------------------------------------

--
-- Table structure for table `users`
--

DROP TABLE IF EXISTS `users`;
CREATE TABLE `users` (
  `id` int(11) NOT NULL,
  `name` varchar(50) DEFAULT NULL
) ENGINE=InnoDB DEFAULT CHARSET=utf8;

--
-- Dumping data for table `users`
--

INSERT INTO `users` (`id`, `name`) VALUES
(1, 'Adam Bellavance'),
(2, 'Adam Hart'),
(3, 'Adrian Shami'),
(4, 'Alan Barnes'),
(5, 'Alan Dominguez'),
(6, 'Alan Haines'),
(7, 'Alan Hwang'),
(8, 'Alan Schoenberger'),
(9, 'Alan Shonely'),
(10, 'Alejandro Grove'),
(11, 'Alejandro Savely'),
(12, 'Alice McCarthy'),
(13, 'Allen Armold'),
(14, 'Allen Rosenblatt'),
(15, 'Alyssa Crouse'),
(16, 'Andrew Allen'),
(17, 'Andrew Gjertsen'),
(18, 'Andrew Roberts'),
(19, 'Andy Gerbode'),
(20, 'Ann Steele'),
(21, 'Anna Gayman'),
(22, 'Annie Thurman'),
(23, 'Anthony Garverick'),
(24, 'Anthony Jacobs'),
(25, 'Anthony Johnson'),
(26, 'Anthony Rawles'),
(27, 'Art Foster'),
(28, 'Arthur Gainer'),
(29, 'Arthur Prichep'),
(30, 'Ashley Jarboe'),
(31, 'Astrea Jones'),
(32, 'Barry Blumstein'),
(33, 'Barry Französisch'),
(34, 'Bart Pistole'),
(35, 'Bart Watters'),
(36, 'Becky Martin'),
(37, 'Ben Peterman'),
(38, 'Benjamin Venier'),
(39, 'Berenike Kampe'),
(40, 'Bill Donatelli'),
(41, 'Bill Eplett'),
(42, 'Brad Norvell'),
(43, 'Bradley Drucker'),
(44, 'Bradley Nguyen'),
(45, 'Brenda Bowman'),
(46, 'Brendan Sweed'),
(47, 'Brian Dahlen'),
(48, 'Brian Moss'),
(49, 'Brosina Hoffman'),
(50, 'Bruce Degenhardt'),
(51, 'Bruce Stewart'),
(52, 'Bryan Mills'),
(53, 'Bryan Spruell'),
(54, 'Carl Weiss'),
(55, 'Carlos Daly'),
(56, 'Carlos Soltero'),
(57, 'Carol Darley'),
(58, 'Caroline Jumper'),
(59, 'Cassandra Brandow'),
(60, 'Catherine Glotzbach'),
(61, 'Chad Sievert'),
(62, 'Charles Crestani'),
(63, 'Chloris Kastensmidt'),
(64, 'Chris Selesnick'),
(65, 'Christina Anderson'),
(66, 'Christine Abelman'),
(67, 'Christine Kargatis'),
(68, 'Christine Phan'),
(69, 'Christopher Martinez'),
(70, 'Christopher Schild'),
(71, 'Chuck Clark'),
(72, 'Chuck Magee'),
(73, 'Claire Gute'),
(74, 'Claudia Bergmann'),
(75, 'Clay Cheatham'),
(76, 'Clay Ludtke'),
(77, 'Clytie Kelty'),
(78, 'Corey Roper'),
(79, 'Craig Carreira'),
(80, 'Craig Reiter'),
(81, 'Cyma Kinney'),
(82, 'Cynthia Arntzen'),
(83, 'Cynthia Voltz'),
(84, 'Dan Lawera'),
(85, 'Dan Reichenbach'),
(86, 'Daniel Lacy'),
(87, 'Darren Koutras'),
(88, 'Darren Powers'),
(89, 'Darrin Sayre'),
(90, 'Darrin Van Huff'),
(91, 'Dave Brooks'),
(92, 'Dave Kipp'),
(93, 'Dave Poirier'),
(94, 'David Bremer'),
(95, 'David Kendrick'),
(96, 'David Philippe'),
(97, 'David Smith'),
(98, 'Dean Braden'),
(99, 'Dean Katz'),
(100, 'Debra Catini'),
(101, 'Delfina Latchford'),
(102, 'Denny Joy'),
(103, 'Denny Ordway'),
(104, 'Dianna Vittorini'),
(105, 'Dianna Wilson'),
(106, 'Don Jones'),
(107, 'Dorothy Wardle'),
(108, 'Dorris liebe'),
(109, 'Doug Bickford'),
(110, 'Doug Jacobs'),
(111, 'Duane Noonan'),
(112, 'Ed Braxton'),
(113, 'Ed Ludwig'),
(114, 'Ellis Ballard'),
(115, 'Elpida Rittenbach'),
(116, 'Emily Burns'),
(117, 'Emily Grady'),
(118, 'Emily Phan'),
(119, 'Eric Hoffmann'),
(120, 'Eric Murdock'),
(121, 'Erica Smith'),
(122, 'Erin Ashbrook'),
(123, 'Erin Mull'),
(124, 'Erin Smith'),
(125, 'Eudokia Martin'),
(126, 'Eugene Hildebrand'),
(127, 'Frank Atkinson'),
(128, 'Frank Merwin'),
(129, 'Frank Preis'),
(130, 'Fred Hopkins'),
(131, 'Fred McMath'),
(132, 'Gary McGarr'),
(133, 'Gary Mitchum'),
(134, 'Gary Zandusky'),
(135, 'Gene Hale'),
(136, 'George Bell'),
(137, 'Giulietta Dortch'),
(138, 'Grace Kelly'),
(139, 'Grant Thornton'),
(140, 'Greg Guthrie'),
(141, 'Greg Hansen'),
(142, 'Greg Tran'),
(143, 'Guy Armstrong'),
(144, 'Guy Phonely'),
(145, 'Guy Thornton'),
(146, 'Harold Pawlan'),
(147, 'Heather Kirkland'),
(148, 'Helen Andreada'),
(149, 'Helen Wasserman'),
(150, 'Henry MacAllister'),
(151, 'Hunter Lopez'),
(152, 'Irene Maddox'),
(153, 'Jack Garza'),
(154, 'James Lanier'),
(155, 'Janet Martin'),
(156, 'Janet Molinari'),
(157, 'Jas O\'Carroll'),
(158, 'Jasper Cacioppo'),
(159, 'Jay Fein'),
(160, 'Jay Kimmel'),
(161, 'Jennifer Braxton'),
(162, 'Jennifer Ferguson'),
(163, 'Jeremy Ellison'),
(164, 'Jeremy Farry'),
(165, 'Jeremy Lonsdale'),
(166, 'Jeremy Pistek'),
(167, 'Jessica Myrick'),
(168, 'Jesus Ocampo'),
(169, 'Jill Stevenson'),
(170, 'Jim Kriz'),
(171, 'Jim Sink'),
(172, 'Joe Kamberova'),
(173, 'Joel Eaton'),
(174, 'Joel Jenkins'),
(175, 'John Grady'),
(176, 'John Lee'),
(177, 'John Lucas'),
(178, 'Jonathan Doherty'),
(179, 'Jonathan Howell'),
(180, 'Joni Blumstein'),
(181, 'Joni Sundaresam'),
(182, 'Joseph Airdo'),
(183, 'Joseph Holt'),
(184, 'Julia Dunbar'),
(185, 'Julie Creighton'),
(186, 'Justin Deggeller'),
(187, 'Justin Ellison'),
(188, 'Justin Ritter'),
(189, 'Karen Bern'),
(190, 'Karen Carlisle'),
(191, 'Karen Daniels'),
(192, 'Karl Braun'),
(193, 'Katherine Ducich'),
(194, 'Katherine Hughes'),
(195, 'Katrina Willman'),
(196, 'Keith Herrera'),
(197, 'Kelly Collister'),
(198, 'Kelly Lampkin'),
(199, 'Ken Black'),
(200, 'Ken Brennan'),
(201, 'Ken Heidel'),
(202, 'Ken Lonsdale'),
(203, 'Kimberly Carter'),
(204, 'Kristen Hastings'),
(205, 'Kunst Miller'),
(206, 'Laura Armstrong'),
(207, 'Laurel Elliston'),
(208, 'Lauren Leatherbury'),
(209, 'Lena Cacioppo'),
(210, 'Lena Creighton'),
(211, 'Lena Hernandez'),
(212, 'Lena Radford'),
(213, 'Linda Cazamias'),
(214, 'Linda Southworth'),
(215, 'Lindsay Shagiari'),
(216, 'Lindsay Williams'),
(217, 'Lisa Hazard'),
(218, 'Liz MacKendrick'),
(219, 'Liz Pelletier'),
(220, 'Liz Thompson'),
(221, 'Logan Currie'),
(222, 'Logan Haushalter'),
(223, 'Luke Foster'),
(224, 'Lynn Smith'),
(225, 'Maria Bertelson'),
(226, 'Maribeth Dona'),
(227, 'Maribeth Schnelling'),
(228, 'Maribeth Yedwab'),
(229, 'Mark Packer'),
(230, 'Mary Zewe'),
(231, 'Mathew Reese'),
(232, 'Matt Abelman'),
(233, 'Matt Connell'),
(234, 'Maureen Gastineau'),
(235, 'Max Engle'),
(236, 'Max Jones'),
(237, 'Maya Herman'),
(238, 'Meg O\'Connel'),
(239, 'Melanie Seite'),
(240, 'Michael Chen'),
(241, 'Michael Kennedy'),
(242, 'Michael Paige'),
(243, 'Michael Stewart'),
(244, 'Michelle Tran'),
(245, 'Mike Caudle'),
(246, 'Mike Gockenbach'),
(247, 'Mike Kennedy'),
(248, 'Mike Vittorini'),
(249, 'Mitch Willingham'),
(250, 'Muhammed MacIntyre'),
(251, 'Naresj Patel'),
(252, 'Nat Gilpin'),
(253, 'Natalie Fritzler'),
(254, 'Nathan Gelder'),
(255, 'Nathan Mautz'),
(256, 'Neil Knudson'),
(257, 'Nick Zandusky'),
(258, 'Nona Balk'),
(259, 'Nora Paige'),
(260, 'Odella Nelson'),
(261, 'Olvera Toch'),
(262, 'Pamela Coakley'),
(263, 'Parhena Norris'),
(264, 'Patricia Hirasaki'),
(265, 'Patrick Gardner'),
(266, 'Patrick O\'Brill'),
(267, 'Patrick O\'Donnell'),
(268, 'Paul Gonzalez'),
(269, 'Paul Knutson'),
(270, 'Paul Stevenson'),
(271, 'Pauline Johnson'),
(272, 'Pete Armstrong'),
(273, 'Pete Kriz'),
(274, 'Peter Bühler'),
(275, 'Peter McVee'),
(276, 'Philip Brown'),
(277, 'Philip Fox'),
(278, 'Philisse Overcash'),
(279, 'Phillina Ober'),
(280, 'Rachel Payne'),
(281, 'Ralph Arnett'),
(282, 'Ralph Kennedy'),
(283, 'Raymond Buch'),
(284, 'Resi Pölking'),
(285, 'Rick Bensley'),
(286, 'Rick Hansen'),
(287, 'Rob Beeghly'),
(288, 'Rob Dowd'),
(289, 'Rob Lucas'),
(290, 'Rob Williams'),
(291, 'Robert Marley'),
(292, 'Robert Waldorf'),
(293, 'Roger Barcio'),
(294, 'Roland Fjeld'),
(295, 'Roland Schwarz'),
(296, 'Rose O\'Brian'),
(297, 'Ross Baird'),
(298, 'Ross DeVincentis'),
(299, 'Roy Collins'),
(300, 'Roy Französisch'),
(301, 'Ruben Ausman'),
(302, 'Ruben Dartt'),
(303, 'Russell Applegate'),
(304, 'Ryan Crowe'),
(305, 'Sally Hughsby'),
(306, 'Sally Knutson'),
(307, 'Sally Matthias'),
(308, 'Sample Company A'),
(309, 'Sandra Flanagan'),
(310, 'Sandra Glassco'),
(311, 'Sanjit Chand'),
(312, 'Sanjit Engle'),
(313, 'Sanjit Jacobs'),
(314, 'Saphhira Shifley'),
(315, 'Sara Luxemburg'),
(316, 'Sarah Foster'),
(317, 'Scott Williamson'),
(318, 'Sean Braxton'),
(319, 'Sean Christensen'),
(320, 'Sean O\'Donnell'),
(321, 'Seth Vernon'),
(322, 'Shahid Hopkins'),
(323, 'Shirley Daniels'),
(324, 'Shirley Jackson'),
(325, 'Sibella Parks'),
(326, 'Sonia Sunley'),
(327, 'Stephanie Phelps'),
(328, 'Steve Chapman'),
(329, 'Steve Nguyen'),
(330, 'Steven Cartwright'),
(331, 'Steven Roelle'),
(332, 'Stewart Carmichael'),
(333, 'Sue Ann Reed'),
(334, 'Sung Pak'),
(335, 'Sung Shariari'),
(336, 'Sylvia Foulston'),
(337, 'Tamara Dahlen'),
(338, 'Tamara Willingham'),
(339, 'Tanja Norvell'),
(340, 'Ted Butterfield'),
(341, 'Ted Trevino'),
(342, 'Theone Pippenger'),
(343, 'Thomas Brumley'),
(344, 'Thomas Seio'),
(345, 'Tiffany House'),
(346, 'Toby Ritter'),
(347, 'Toby Swindell'),
(348, 'Tracy Blumstein'),
(349, 'Tracy Hopkins'),
(350, 'Tracy Zic'),
(351, 'Troy Blackwell'),
(352, 'Troy Staebel'),
(353, 'Trudy Glocke'),
(354, 'Valerie Dominguez'),
(355, 'Valerie Mitchum'),
(356, 'Victor Preis'),
(357, 'Victoria Brennan'),
(358, 'Victoria Wilson'),
(359, 'Xylona Preis'),
(360, 'Yoseph Carroll'),
(361, 'Zuschuss Carroll'),
(362, 'Zuschuss Donatelli');

--
-- Indexes for dumped tables
--

--
-- Indexes for table `posts`
--
ALTER TABLE `posts`
  ADD PRIMARY KEY (`id`);

--
-- Indexes for table `sales`
--
ALTER TABLE `sales`
  ADD PRIMARY KEY (`id`);

--
-- Indexes for table `users`
--
ALTER TABLE `users`
  ADD PRIMARY KEY (`id`);

--
-- AUTO_INCREMENT for dumped tables
--

--
-- AUTO_INCREMENT for table `posts`
--
ALTER TABLE `posts`
  MODIFY `id` int(11) NOT NULL AUTO_INCREMENT, AUTO_INCREMENT=10;

--
-- AUTO_INCREMENT for table `sales`
--
ALTER TABLE `sales`
  MODIFY `id` int(11) NOT NULL AUTO_INCREMENT, AUTO_INCREMENT=1001;

--
-- AUTO_INCREMENT for table `users`
--
ALTER TABLE `users`
  MODIFY `id` int(11) NOT NULL AUTO_INCREMENT, AUTO_INCREMENT=363;
COMMIT;

/*!40101 SET CHARACTER_SET_CLIENT=@OLD_CHARACTER_SET_CLIENT */;
/*!40101 SET CHARACTER_SET_RESULTS=@OLD_CHARACTER_SET_RESULTS */;
/*!40101 SET COLLATION_CONNECTION=@OLD_COLLATION_CONNECTION */;
