[

	{
		"numero"		:	1,
		"url"			:	"printf",
		"titulo"		:	"Printf",
		"descripcion"	:	"Uso de la función printf. La función printf se utiliza para imprimir texto formateado.",
		"tip"			:	"Para utilizar [ printf ], escribimos: [ printf($cadena, $variable1, $variable2...) ]. Cuando utilizamos esta función, en la cadena de texto debe estar presente algunos de los símbolos de formato. Los formatos más utilizdos para sustitución son:<ul><li>( %d ) decimal</li><li>( %s ) cadena de texto ( string )</li><li>( %f ) flotante ( float ), si quisieramos solo 2 ( dos ) números después del punto, pondríamos ( %.2f )</li></ul>",
		"mandato"		:	"<ul><li>En la parte A: Imprimir con formato la constante _ALERTA_ sustituyendo X, Y y Z por las variables $mensajes, $noLeidos y $persona</li><li>En la parte B: Imprimir con formato la variable $division sustituyendo X, Y y Z por las variables $x, $y y la división de $x entre $y pero mostrando solo 2 ( dos ) decimales después del punto</li></ul>",
		"archivos"		:	[
								{
									"nombre":	"index.php",
									"codigo":	"language-php language-markup"
								}
							],
		"cargar"		:	"index.php"
	},
	{
		"numero"		:	2,
		"url"			:	"fecha",
		"titulo"		:	"Fecha y hora",
		"descripcion"	:	"Vamos a ver algunas de las funciones que trabajan con la fecha y hora.",
		"tip"			:	"Las funciones más usadas para crear fechas son [ date($formato, $fecha [opcional]) ] y [ strtotime($cadena) ]. En el caso de la función [ date ] si no se le pasa una fecha, automáticamente toma la que tiene el servidor. Alguno de los formatos más utilizados son:<ul><li>( d ) Día del mes, 2 dígitos con ceros iniciales ( 01 a 31 )</li><li>( D ) Una representación textual de un día, tres letras ( Mon hasta Sun )</li><li>( w ) Representación númerica de los días de la semana ( desde 0 (para domingo) hasta 6 (para sabado) )</li><li>( m ) Representación numérica de un mes, con ceros iniciales ( 01 hasta 12 )</li><li>( M ) Una representación textual corta de un mes, tres letras ( Jan hasta Dec )</li><li>( Y ) Una representación numérica completa de un año, 4 dígitos ( Ejemplos: 1999 o 2003 )</li><li>( y ) Una representación de dos dígitos de un año ( Ejemplos: 99 o 03 )</li><li>( a ) Antemeridiano y pasado meridiano en minúsculas ( am o pm )</li><li>( A ) Antemeridiano y pasado meridiano en mayúsculas ( AM o PM )</li><li>( h ) Formato de 12 horas de una hora con ceros iniciales ( 01 hasta 12 )</li><li>( H ) Formato de 24 horas de una hora con ceros iniciales ( 00 hasta 23 )</li><li>( i ) Minutos, con ceros iniciales ( 00 hasta 59 )</li><li>( s ) Segundos, con ceros iniciales ( 00 hasta 59 )</li></ul>",
		"mandato"		:	"<ul><li>Imprimir la fecha actual utilizando la función [ date ] en el siguiente formato: [ '21 Ago, 2015' ]</li><li>Imprimir la fecha de la variable $cadena utilizando la función [ strtotime ] en el siguiente formato: [ 'Mon 08:15 pm, 18/05/2016' ]</li></ul>",
		"archivos"		:	[
								{
									"nombre":	"index.php",
									"codigo":	"language-php language-markup"
								}
							],
		"cargar"		:	"index.php"
	},
	{
		"numero"		:	3,
		"url"			:	"calendario",
		"titulo"		:	"Calendario",
		"descripcion"	:	"En PHP podemos almacenar muchos tipos de datos en variables.",
		"tip"			:	"La función [ cal_days_in_month(CAL_GREGORIAN, $mes, $ano) ] nos devuelve los días que tiene el mes del año de los cuales pasamos como parámetros.",
		"mandato"		:	"<ul><li>Crear una tabla con el calendario del mes actual como se muestra en la imagen: <img src='../images/calendario.jpg'></li></ul>",
		"archivos"		:	[
								{
									"nombre":	"index.php",
									"codigo":	"language-php language-markup"
								}
							],
		"cargar"		:	"index.php"
	},
	{
		"numero"		:	4,
		"url"			:	"math",
		"titulo"		:	"Math",
		"descripcion"	:	"Las funciones matemáticas en PHP.",
		"tip"			:	"Las funciones matemáticas más comunes en PHP son:<ul><li>[ abs($numero) ] retorna el valor absoluto del número</li><li>[ ceil($numero) ] redondea hacia arriba el número. Ejemplo: ( 4.1 => 5 )</li><li>[ floor($numero) ] redondea hacia abajo el número. Ejemplo: ( 4.9 => 4 )</li><li>[ rand($min, $max) ] genera un número random entre $min y $max</li><li>[ round($numero, decimales) ] redondea un número con la cantidad específica de decimales</li></ul>",
		"mandato"		:	"<ul><li>Imprimir el valor absoluto de $medida</li><li>Redondea con ( ceil ) la variable $numero</li><li>Redondea con ( floor ) la variable $cargo</li><li>Genera un número random entre $minimo y $maximo</li><li>Redondea la variable $numero que tenga un solo decimal</li></ul>",
		"archivos"		:	[
								{
									"nombre":	"index.php",
									"codigo":	"language-php language-markup"
								}
							],
		"cargar"		:	"index.php"
	},
	{
		"numero"		: 5,
		"url"			: "header",
		"titulo"		: "header",
		"descripcion"	: "Con la función header podemos enviar encabezados al navegador web y con esto controlar su reacción ante algunos archivos.",
		"tip"			: "Un ejemplo del uso de la función [ header ] es: [ header('Location: url/donde/queremos/ir') ]. Cuando utilizamos [ Location: ] le decimos al navegador que debe ir a dicha locación. Si ejecutamos la función header después de una salida de echo, print o incluso una línea vacía, esta nos dará un mensaje de advertencia diciendo que cabeceras anteriores a ella han sido enviadas.",
		"mandato"		: "<ul><li>Hacer que cuando se cargue el archivo [ index.php ], nos lleve automáticamente al archivo [ modulos/login.php ]</li></ul>",
		"archivos"		: [
							{
								"nombre": "index.php",
								"codigo": "language-php language-markup"
							},
							{
								"nombre": "modulos/login.php",
								"codigo": "language-markup"
							}
							],
		"cargar"		: 	"index.php"
	},
	{
		"numero"		:	6,
		"url"			:	"isset",
		"titulo"		:	"isset & unset",
		"descripcion"	:	"¿Qué podemos hacer con isset y unset?",
		"tip"			:	"La función [ isset($variable) ] devuelve verdadero si la variable existe y falso si no existe. En cambio la función [ unset($variable) ] destruye dicha variable.",
		"mandato"		:	"<ul><li>Verificar si las variables $registro y $data existen e imprimir mensajes dependiendo de su existencia</li><li>Eliminar el elemento 3 ( tres ) del array $cursos y luego imprimir el contenido del array</li></ul>",
		"archivos"		:	[
								{
									"nombre":	"index.php",
									"codigo":	"language-php language-markup"
								}
							],
		"cargar"		:	"index.php"
	},
	{
		"numero"		:	7,
		"url"			:	"exit",
		"titulo"		:	"die y exit",
		"descripcion"	:	"Utilizamos die o exit para detener de la ejecución del código PHP.",
		"tip"			:	"Las funciones [ exit($mensaje [opcional]) ] o [ die($mensaje [opcional]) ] hacen exactamente lo mismo. Detienen la ejecución del PHP e imprimen el mensaje dejado en el parámetro si lo tiene.",
		"mandato"		:	"<ul><li>Utilizando ( exit ) o ( die ) detén el siguiente código después de imprimir fresa, con el mensaje 'Ya se imprimió fresa'</li></ul>",
		"archivos"		:	[
								{
									"nombre":	"index.php",
									"codigo":	"language-php language-markup"
								}
							],
		"cargar"		:	"index.php"
	}

]
